Outcome,X,Y,Player,Ast,Contest,Distance,Value,Date
Miss,-24.84,0.28,Jabez Jenkins,Assisted,Contested,16.91,2,5/30/24
Make,-41.57,-1.9,Brigham Rogers,Assisted,Contested,1.91,2,5/30/24
Make,-42.48,-22.99,Brody Peebles,Assisted,Uncontested,23.01,3,5/30/24
Make,-42.48,12.46,Jonathan Pierre,Assisted,Contested,12.48,2,5/30/24
Miss,-40.29,-6.27,Brody Peebles,Unassisted,Contested,6.43,2,5/30/24
Make,-41.2,-1.9,Aidan Noyes,Assisted,Uncontested,1.98,2,5/30/24
Miss,-25.36,17.65,Cooper Haynes,Assisted,Uncontested,24.08,3,5/30/24
Miss,-29.38,10.64,Jonathan Pierre,Unassisted,Contested,16.31,2,5/30/24
Miss,-24.27,16.19,Eoin Dillon,Assisted,Uncontested,23.82,3,5/30/24
Make,-23,14.74,Jonathan Pierre,Assisted,Uncontested,23.85,3,5/30/24
Miss,-42.66,23.01,Aidan Noyes,Assisted,Uncontested,23.02,3,5/30/24
Make,-28.48,20.64,Aidan Noyes,Assisted,Uncontested,24.54,3,5/30/24
Miss,-31.75,-3.36,Carter Whitt,Unassisted,Contested,10.55,2,5/30/24
Make,-24.29,-16.63,Aidan Noyes,Assisted,Uncontested,24.11,3,5/30/24
Make,-27.02,-18.81,Cooper Haynes,Assisted,Contested,23.89,3,5/30/24
Make,-28.48,-5.54,Cooper Haynes,Unassisted,Contested,14.38,2,5/30/24
Miss,-41.2,-23.18,Aidan Noyes,Assisted,Uncontested,23.18,3,5/30/24
Miss,-37.2,1.55,Brody Peebles,Unassisted,Contested,4.8,2,5/30/24
Miss,-40.66,-1.9,Drew Scharnowski,Unassisted,Contested,2.19,2,5/30/24
Make,-41.2,1.91,Aidan Noyes,Assisted,Uncontested,1.99,2,5/30/24
Make,-28.48,-10.45,Cooper Haynes,Unassisted,Contested,16.89,2,5/30/24
Miss,-23.2,-14.27,Brody Peebles,Assisted,Uncontested,23.4,3,5/30/24
Make,-25.2,-16.99,Aidan Braccia,Assisted,Uncontested,23.72,3,5/30/24
Miss,-39.38,-0.99,Aidan Braccia,Assisted,Contested,2.57,2,5/30/24
Miss,-22.29,13.01,Brody Peebles,Assisted,Uncontested,23.4,3,5/30/24
Make,-21.2,11.91,Jonathan Pierre,Assisted,Uncontested,23.75,3,5/30/24
Miss,-22.84,-15.54,Cooper Haynes,Unassisted,Contested,24.48,3,5/30/24
Make,-36.66,-0.81,Jonathan Pierre,Assisted,Contested,5.16,2,5/30/24
Make,-21.57,12.64,Aidan Noyes,Assisted,Uncontested,23.82,3,5/30/24
Make,-40.48,-0.09,Aidan Noyes,Unassisted,Uncontested,1.28,2,5/30/24
Make,-38.84,-0.27,Drew Scharnowski,Assisted,Uncontested,2.92,2,5/30/24
Make,-40.84,1.37,Brigham Rogers,Unassisted,Contested,1.64,2,5/30/24
Make,-41.75,-2.81,Brody Peebles,Unassisted,Contested,2.81,2,5/30/24
Make,-26.11,-18.27,Jake Dykstra,Assisted,Uncontested,24.05,3,5/30/24
Miss,-19.57,10.1,Jonathan Pierre,Unassisted,Uncontested,24.37,3,5/30/24
Miss,-17.93,6.82,Aidan Noyes,Assisted,Uncontested,24.78,3,5/30/24
Miss,-27.75,-19.36,Brody Peebles,Assisted,Uncontested,23.89,3,5/30/24
Miss,-36.11,-1.9,Brody Peebles,Unassisted,Contested,5.95,2,5/30/24
Miss,-27.38,19.73,Aidan Braccia,Assisted,Contested,24.41,3,5/30/24
Miss,-32.29,-13.36,Jabez Jenkins,Unassisted,Contested,16.37,2,5/30/24
Make,-39.75,-0.27,Brigham Rogers,Assisted,Contested,2.02,2,5/30/24
Make,-34.84,-0.45,Jake Dykstra,Assisted,Contested,6.93,2,5/30/24
Make,-41.57,1.91,Cooper Haynes,Assisted,Contested,1.92,2,5/30/24
Make,-40.66,0.64,Carter Whitt,Unassisted,Uncontested,1.27,2,5/30/24
Make,-33.75,-0.09,Brody Peebles,Unassisted,Uncontested,8,2,5/30/24
Miss,-24.64,16.92,Eoin Dillon,Assisted,Uncontested,24.06,3,5/30/24
Make,-40.48,0.64,Carter Whitt,Assisted,Uncontested,1.43,2,5/30/24
Make,-41.75,1.73,Brody Peebles,Unassisted,Contested,1.73,2,5/30/24
Miss,-40.84,1.73,Brody Peebles,Assisted,Contested,1.96,2,5/30/24
Make,-31.38,2.82,Eoin Dillon,Unassisted,Contested,10.74,2,5/30/24
Make,-33.2,-0.45,Carter Whitt,Unassisted,Uncontested,8.56,2,5/30/24
Make,-31.2,-21.36,Cooper Haynes,Assisted,Uncontested,23.82,3,5/30/24
Make,-40.84,-2.09,Brody Peebles,Unassisted,Uncontested,2.28,2,5/30/24
Make,-27.38,-19.36,Jake Dykstra,Assisted,Uncontested,24.11,3,5/30/24
Make,-42.29,-23.36,Jabez Jenkins,Assisted,Uncontested,23.36,3,5/30/24
Miss,-27.75,-20.27,Drew Scharnowski,Assisted,Uncontested,24.63,3,5/30/24
Miss,-24.48,-0.63,Aidan Braccia,Unassisted,Uncontested,17.29,2,5/30/24
Make,-24.11,-15.9,Brody Peebles,Assisted,Uncontested,23.75,3,5/30/24
Make,-21.57,12.28,Aidan Noyes,Assisted,Uncontested,23.62,3,5/30/24
Miss,-23.18,15.1,Aidan Noyes,Assisted,Uncontested,23.93,3,5/30/24
Miss,-28.11,-16.27,Aidan Noyes,Unassisted,Uncontested,21.23,2,5/30/24
Miss,-40.48,-1.9,Jonathan Pierre,Unassisted,Contested,2.29,2,5/30/24
Miss,-25.75,19.91,Carter Whitt,Assisted,Contested,25.55,3,5/30/24
Miss,-40.29,2.1,Drew Scharnowski,Assisted,Contested,2.55,2,5/30/24
Make,-17.93,3.01,Cooper Haynes,Unassisted,Uncontested,24.01,3,5/30/24
Miss,-18.66,6.82,Jake Dykstra,Unassisted,Uncontested,24.08,3,5/30/24
Miss,-41.02,-2.09,Brody Peebles,Unassisted,Contested,2.21,2,5/30/24
Miss,-25.02,-0.81,Jonathan Pierre,Unassisted,Contested,16.75,2,5/30/24
Miss,-23.2,-17.18,Brody Peebles,Assisted,Uncontested,25.28,3,5/30/24
Make,-21.02,12.1,Carter Whitt,Assisted,Uncontested,24,3,5/30/24
Miss,-31.2,13.19,Jonathan Pierre,Unassisted,Contested,16.89,2,5/30/24
Miss,-27.02,20.1,Eoin Dillon,Unassisted,Uncontested,24.92,3,5/30/24
Make,-41.57,-23.18,Jabez Jenkins,Assisted,Uncontested,23.18,3,5/30/24
Make,-41.2,-2.45,Jake Dykstra,Assisted,Contested,2.51,2,5/30/24
Miss,-25.2,-1.54,Jabez Jenkins,Unassisted,Contested,16.62,2,5/30/24
Miss,-37.38,-9.36,Carter Whitt,Unassisted,Contested,10.33,2,5/30/24
Make,-36.84,8.64,Cooper Haynes,Assisted,Uncontested,9.94,2,5/30/24
Miss,-38.84,5.37,Carter Whitt,Unassisted,Contested,6.11,2,5/30/24
Make,-41.02,-2.45,Jonathan Pierre,Assisted,Contested,2.56,2,5/30/24
Make,-41.02,-1.9,Drew Scharnowski,Unassisted,Contested,2.04,2,5/30/24
Miss,-25.38,-3.72,Eoin Dillon,Unassisted,Contested,16.78,2,5/30/24
Miss,-28.29,-19.72,Keith Robbins,Assisted,Uncontested,23.87,3,5/30/24
Make,-42.29,23.37,Aidan Noyes,Assisted,Uncontested,23.38,3,5/30/24
Make,-22.11,12.82,Eoin Dillon,Assisted,Uncontested,23.45,3,5/30/24
Miss,-36.66,13.01,Jonathan Pierre,Unassisted,Contested,13.97,2,5/30/24
Miss,-21.2,-11.72,Carter Whitt,Unassisted,Uncontested,23.66,3,5/30/24
Make,-41.2,-1.72,Drew Scharnowski,Assisted,Contested,1.81,2,5/30/24
Make,-27.93,-19.9,Aidan Noyes,Assisted,Uncontested,24.23,3,5/30/24
Miss,-22.29,-13.54,Aidan Braccia,Unassisted,Uncontested,23.7,3,5/30/24
Make,-41.38,-23.18,Jonathan Pierre,Assisted,Uncontested,23.18,3,5/30/24
Miss,-39.02,-0.63,Jabez Jenkins,Unassisted,Contested,2.8,2,5/30/24
Make,-41.2,2.1,Carter Whitt,Assisted,Contested,2.17,2,5/30/24
Miss,-23.38,-15.54,Keith Robbins,Assisted,Uncontested,24.06,3,5/30/24
Miss,-20.29,11.91,Carter Whitt,Assisted,Uncontested,24.54,3,5/30/24
Miss,-35.93,12.64,Cooper Haynes,Unassisted,Contested,13.92,2,5/30/24
Make,-41.2,-1.72,Jake Dykstra,Assisted,Contested,1.81,2,5/30/24
Miss,-19.75,-8.99,Jabez Jenkins,Unassisted,Uncontested,23.77,3,5/30/24
Miss,-41.75,-22.99,Aidan Braccia,Assisted,Uncontested,22.99,3,5/30/24
Miss,-24.29,-16.27,Carter Whitt,Assisted,Uncontested,23.86,3,5/30/24
Miss,-20.37,10.75,Keith Robbins,Unassisted,Contested,23.93,3,5/31/24
Make,-42.56,23.12,Jake Dykstra,Assisted,Uncontested,23.13,3,5/31/24
Make,-41.65,-1.79,Brody Peebles,Assisted,Uncontested,1.8,2,5/31/24
Make,-23.83,-16.16,Jonathan Pierre,Assisted,Uncontested,24.13,3,5/31/24
Make,-41.65,1.66,Brody Peebles,Unassisted,Contested,1.67,2,5/31/24
Miss,-39.83,-23.07,Eoin Dillon,Assisted,Contested,23.15,3,5/31/24
Miss,-41.83,23.12,Jabez Jenkins,Assisted,Uncontested,23.12,3,5/31/24
Make,-41.65,-2.16,Drew Scharnowski,Unassisted,Contested,2.16,2,5/31/24
Miss,-16.56,0.21,Cooper Haynes,Assisted,Uncontested,25.19,3,5/31/24
Miss,-40.01,12.75,Jabez Jenkins,Unassisted,Contested,12.87,2,5/31/24
Miss,-40.92,0.93,Jabez Jenkins,Unassisted,Contested,1.25,2,5/31/24
Miss,-40.92,-1.43,Drew Scharnowski,Unassisted,Contested,1.65,2,5/31/24
Miss,-28.56,19.84,Eoin Dillon,Assisted,Uncontested,23.83,3,5/31/24
Make,-41.47,1.84,Keith Robbins,Unassisted,Contested,1.87,2,5/31/24
Miss,-40.19,0.03,Brigham Rogers,Assisted,Uncontested,1.56,2,5/31/24
Miss,-41.1,23.3,Eoin Dillon,Assisted,Uncontested,23.31,3,5/31/24
Make,-36.92,6.75,Brody Peebles,Unassisted,Contested,8.3,2,5/31/24
Miss,-16.74,2.21,Jonathan Pierre,Assisted,Uncontested,25.11,3,5/31/24
Miss,-33.65,-22.52,Cooper Haynes,Assisted,Uncontested,23.93,3,5/31/24
Make,-18.19,0.93,Aidan Noyes,Assisted,Contested,23.58,3,5/31/24
Miss,-27.83,19.22,Brody Peebles,Assisted,Uncontested,23.73,3,5/31/24
Make,-19.65,8.67,Aidan Noyes,Assisted,Uncontested,23.74,3,5/31/24
Miss,-25.18,17.38,Brody Peebles,Unassisted,Uncontested,24.01,3,5/31/24
Make,-21.83,-14.6,Aidan Noyes,Assisted,Uncontested,24.7,3,5/31/24
Make,-24.27,16.11,Eoin Dillon,Assisted,Uncontested,23.77,3,5/31/24
Make,-33.1,23.04,Eoin Dillon,Assisted,Uncontested,24.61,3,5/31/24
Miss,-25.65,-17.69,Keith Robbins,Assisted,Uncontested,23.92,3,5/31/24
Miss,-34.19,-0.6,Drew Scharnowski,Unassisted,Contested,7.58,2,5/31/24
Make,-40.92,1.4,Drew Scharnowski,Unassisted,Contested,1.63,2,5/31/24
Miss,-40.19,2.49,Keith Robbins,Unassisted,Contested,2.94,2,5/31/24
Miss,-21.65,12.85,Aidan Noyes,Assisted,Uncontested,23.86,3,5/31/24
Miss,-41.28,-23.33,Eoin Dillon,Assisted,Uncontested,23.33,3,5/31/24
Miss,-28.92,11.76,Jabez Jenkins,Unassisted,Uncontested,17.41,2,5/31/24
Miss,-25.1,-17.87,Aidan Noyes,Assisted,Uncontested,24.43,3,5/31/24
Make,-40.92,-2.42,Brody Peebles,Unassisted,Contested,2.56,2,5/31/24
Miss,-23.73,15.57,Jonathan Pierre,Assisted,Uncontested,23.81,3,5/31/24
Miss,-17.65,-0.24,Aidan Braccia,Assisted,Uncontested,24.1,3,5/31/24
Make,-40.74,-2.06,Brigham Rogers,Unassisted,Contested,2.29,2,5/31/24
Miss,-21.28,-13.87,Jonathan Pierre,Assisted,Uncontested,24.73,3,5/31/24
Make,-20.74,12.49,Aidan Noyes,Assisted,Uncontested,24.44,3,5/31/24
Miss,-34.56,0.13,Brigham Rogers,Unassisted,Contested,7.19,2,5/31/24
Make,-41.65,-23.15,Aidan Noyes,Assisted,Uncontested,23.15,3,5/31/24
Miss,-40.19,-6.24,Brody Peebles,Unassisted,Contested,6.43,2,5/31/24
Miss,-41.28,23.04,Cooper Haynes,Assisted,Uncontested,23.04,3,5/31/24
Miss,-27.65,19.94,Aidan Braccia,Assisted,Uncontested,24.43,3,5/31/24
Make,-17.83,-4.78,Aidan Noyes,Assisted,Uncontested,24.39,3,5/31/24
Miss,-39.28,2.13,Jake Dykstra,Assisted,Contested,3.26,2,5/31/24
Make,-23.36,15.57,Cooper Haynes,Assisted,Uncontested,24.09,3,5/31/24
Miss,-17.1,2.31,Jabez Jenkins,Assisted,Uncontested,24.76,3,5/31/24
Make,-30.46,17.38,Aidan Noyes,Assisted,Contested,20.73,2,5/31/24
Make,-41.47,-1.87,Brody Peebles,Assisted,Contested,1.89,2,5/31/24
Make,-17.1,-0.42,Jonathan Pierre,Assisted,Uncontested,24.65,3,5/31/24
Miss,-24.56,-16.52,Jake Dykstra,Assisted,Contested,23.84,3,5/29/24
Make,-26.09,18.19,Jake Dykstra,Assisted,Contested,24,3,5/29/24
Miss,-17.1,1.12,Jake Dykstra,Assisted,Uncontested,24.67,3,5/29/24
Miss,-23.47,-16.88,Jake Dykstra,Assisted,Contested,24.89,3,5/29/24
Miss,-24.74,-17.61,Jake Dykstra,Assisted,Contested,24.49,3,5/29/24
Make,-41.65,-1.43,Jake Dykstra,Assisted,Contested,1.43,2,5/29/24
Miss,-41.1,-6.52,Jake Dykstra,Unassisted,Uncontested,6.55,2,5/29/24
Miss,-32.01,-21.79,Keith Robbins,Assisted,Uncontested,23.87,3,5/29/24
Miss,-33.1,23.3,Keith Robbins,Assisted,Uncontested,24.85,3,5/29/24
Make,-20.82,12.74,Keith Robbins,Assisted,Contested,24.5,3,5/29/24
Miss,-17.47,-2.16,Keith Robbins,Unassisted,Contested,24.38,3,5/29/24
Miss,-41.28,-13.02,Keith Robbins,Unassisted,Contested,13.03,2,5/29/24
Miss,-21.28,-13.21,Keith Robbins,Assisted,Contested,24.36,3,5/29/24
Miss,-26.01,20.07,Keith Robbins,Assisted,Uncontested,25.5,3,5/29/24
Miss,-41.28,2.07,Keith Robbins,Unassisted,Uncontested,2.12,2,5/29/24
Miss,-40.74,-22.66,Keith Robbins,Assisted,Contested,22.68,3,5/29/24
Miss,-42.19,23.52,Keith Robbins,Assisted,Uncontested,23.52,3,5/29/24
Make,-41.1,-1.87,Brigham Rogers,Assisted,Uncontested,1.98,2,5/29/24
Miss,-41.28,1.4,Brigham Rogers,Unassisted,Contested,1.47,2,5/29/24
Miss,-37.47,-4.78,Brigham Rogers,Unassisted,Contested,6.42,2,5/29/24
Make,-40.92,-2.24,Brigham Rogers,Unassisted,Uncontested,2.39,2,5/29/24
Miss,-41.65,23.4,Eoin Dillon,Assisted,Uncontested,23.4,3,5/29/24
Make,-41.83,-2.24,Brigham Rogers,Assisted,Uncontested,2.24,2,5/29/24
Miss,-41.28,2.85,Brigham Rogers,Unassisted,Contested,2.89,2,5/29/24
Make,-41.1,-2.24,Brigham Rogers,Assisted,Uncontested,2.33,2,5/29/24
Make,-40.74,-2.06,Brigham Rogers,Unassisted,Contested,2.29,2,5/29/24
Miss,-39.83,-2.06,Brigham Rogers,Assisted,Contested,2.81,2,5/29/24
Miss,-25.83,-17.69,Brigham Rogers,Assisted,Uncontested,23.8,3,5/29/24
Miss,-41.47,-5.15,Brigham Rogers,Assisted,Contested,5.15,2,5/29/24
Make,-35.47,-0.42,Brigham Rogers,Unassisted,Contested,6.3,2,5/29/24
Miss,-25.83,-18.6,Brigham Rogers,Assisted,Uncontested,24.48,3,5/29/24
Make,-25.1,-19.33,Aidan Braccia,Assisted,Uncontested,25.51,3,5/29/24
Miss,-29.65,-20.78,Aidan Braccia,Assisted,Uncontested,24.05,3,5/29/24
Miss,-40.92,-2.06,Aidan Braccia,Unassisted,Uncontested,2.22,2,5/29/24
Make,-41.28,1.94,Jonathan Pierre,Unassisted,Uncontested,2,2,5/29/24
Make,-32.92,-0.78,Aidan Braccia,Unassisted,Contested,8.86,2,5/29/24
Miss,-40.37,-2.78,Aidan Braccia,Unassisted,Uncontested,3.1,2,5/29/24
Make,-41.1,1.58,Drew Scharnowski,Unassisted,Uncontested,1.71,2,5/29/24
Make,-26.19,-19.87,Aidan Braccia,Assisted,Uncontested,25.24,3,5/29/24
Make,-19.83,12.67,Aidan Braccia,Assisted,Contested,25.32,3,5/29/24
Make,-17.83,-0.06,Aidan Braccia,Assisted,Uncontested,23.92,3,5/29/24
Make,-41.65,-1.87,Aidan Braccia,Unassisted,Contested,1.88,2,5/29/24
Miss,-24.46,16.66,Aidan Braccia,Assisted,Contested,24.01,3,5/29/24
Miss,-26.92,-19.51,Aidan Braccia,Assisted,Uncontested,24.51,3,5/29/24
Miss,-41.1,12.49,Aidan Braccia,Assisted,Contested,12.51,2,5/29/24
Miss,-27.1,20.31,Aidan Braccia,Assisted,Uncontested,25.04,3,5/29/24
Make,-34.92,-1.87,Aidan Braccia,Unassisted,Contested,7.08,2,5/29/24
Miss,-28.92,20.67,Eoin Dillon,Assisted,Uncontested,24.33,3,5/29/24
Miss,-19.83,-9.33,Eoin Dillon,Assisted,Contested,23.82,3,5/29/24
Miss,-24.01,-16.6,Eoin Dillon,Assisted,Uncontested,24.3,3,5/29/24
Miss,-22.37,-14.42,Eoin Dillon,Assisted,Uncontested,24.15,3,5/29/24
Miss,-23.28,-14.96,Eoin Dillon,Assisted,Contested,23.77,3,5/29/24
Make,-41.1,1.76,Eoin Dillon,Assisted,Uncontested,1.88,2,5/29/24
Miss,-26.74,19.94,Eoin Dillon,Assisted,Uncontested,24.96,3,5/29/24
Make,-41.1,2.31,Eoin Dillon,Assisted,Uncontested,2.4,2,5/29/24
Make,-40.19,1.04,Eoin Dillon,Assisted,Uncontested,1.87,2,5/29/24
Make,-23.55,15.57,Eoin Dillon,Assisted,Uncontested,23.95,3,5/29/24
Miss,-41.47,-22.96,Jabez Jenkins,Unassisted,Contested,22.97,3,5/29/24
Miss,-28.37,-12.42,Jabez Jenkins,Unassisted,Uncontested,18.25,2,5/29/24
Miss,-22.19,-13.51,Jabez Jenkins,Unassisted,Uncontested,23.77,3,5/29/24
Make,-40.19,0.13,Jabez Jenkins,Assisted,Uncontested,1.56,2,5/29/24
Miss,-38.74,-4.78,Jabez Jenkins,Unassisted,Contested,5.65,2,5/29/24
Make,-39.1,0.13,Jabez Jenkins,Assisted,Contested,2.65,2,5/29/24
Miss,-35.47,12.49,Jabez Jenkins,Unassisted,Contested,13.98,2,5/29/24
Make,-40.92,-2.06,Jabez Jenkins,Assisted,Uncontested,2.22,2,5/29/24
Miss,-40.37,-1.87,Jabez Jenkins,Unassisted,Contested,2.32,2,5/29/24
Make,-40.01,0.13,Jabez Jenkins,Assisted,Uncontested,1.74,2,5/29/24
Miss,-26.37,-18.78,Jabez Jenkins,Assisted,Contested,24.27,3,5/29/24
Miss,-30.19,-12.24,Jabez Jenkins,Unassisted,Uncontested,16.83,2,5/29/24
Miss,-40.01,2.85,Brody Peebles,Unassisted,Contested,3.34,2,5/29/24
Make,-39.47,0.13,Jabez Jenkins,Unassisted,Uncontested,2.29,2,5/29/24
Miss,-29.65,-15.69,Jabez Jenkins,Unassisted,Contested,19.82,2,5/29/24
Miss,-40.74,1.22,Drew Scharnowski,Assisted,Uncontested,1.58,2,5/29/24
Make,-40.92,1.04,Drew Scharnowski,Assisted,Uncontested,1.33,2,5/29/24
Miss,-27.47,-19.69,Drew Scharnowski,Assisted,Uncontested,24.33,3,5/29/24
Make,-41.28,-1.51,Drew Scharnowski,Assisted,Uncontested,1.58,2,5/29/24
Make,-40.01,0.31,Drew Scharnowski,Unassisted,Contested,1.77,2,5/29/24
Make,-41.65,1.4,Drew Scharnowski,Assisted,Contested,1.4,2,5/29/24
Make,-40.19,1.22,Drew Scharnowski,Assisted,Contested,1.98,2,5/29/24
Make,-41.28,1.94,Drew Scharnowski,Assisted,Contested,2,2,5/29/24
Miss,-39.47,-9.33,Drew Scharnowski,Unassisted,Contested,9.6,2,5/29/24
Miss,-27.65,-20.24,Drew Scharnowski,Assisted,Uncontested,24.67,3,5/29/24
Miss,-24.64,17.38,Drew Scharnowski,Assisted,Uncontested,24.39,3,5/29/24
Miss,-23.36,15.38,Jonathan Pierre,Assisted,Uncontested,23.97,3,5/29/24
Miss,-14.56,-0.52,Jonathan Pierre,Assisted,Uncontested,27.2,3,5/29/24
Make,-40.19,0.93,Jonathan Pierre,Assisted,Uncontested,1.82,2,5/29/24
Make,-41.1,2.03,Jonathan Pierre,Unassisted,Contested,2.13,2,5/29/24
Miss,-15.1,-1.09,Jonathan Pierre,Unassisted,Contested,26.67,3,5/29/24
Miss,-39.28,-23.27,Jonathan Pierre,Assisted,Uncontested,23.4,3,5/29/24
Miss,-34.92,0.37,Jonathan Pierre,Assisted,Contested,6.84,2,5/29/24
Make,-25.18,18.37,Jonathan Pierre,Assisted,Uncontested,24.74,3,5/29/24
Miss,-24.09,16.19,Jonathan Pierre,Unassisted,Uncontested,23.96,3,5/29/24
Miss,-40.74,2.19,Jonathan Pierre,Unassisted,Contested,2.41,2,5/29/24
Miss,-42.01,-11.63,Jonathan Pierre,Unassisted,Contested,11.63,2,5/29/24
Make,-40.19,-12.54,Jonathan Pierre,Unassisted,Contested,12.64,2,5/29/24
Miss,-33.1,12.55,Jonathan Pierre,Unassisted,Contested,15.24,2,5/29/24
Make,-36.74,0.37,Jonathan Pierre,Unassisted,Contested,5.03,2,5/29/24
Miss,-23.18,15.97,Jonathan Pierre,Assisted,Uncontested,24.49,3,5/29/24
Make,-16.74,0.07,Jonathan Pierre,Assisted,Uncontested,25.01,3,5/29/24
Miss,-23.91,17.24,Jonathan Pierre,Assisted,Uncontested,24.81,3,5/29/24
Make,-41.1,-1.93,Brody Peebles,Unassisted,Contested,2.04,2,5/29/24
Make,-41.1,-23.21,Jonathan Pierre,Assisted,Uncontested,23.22,3,5/29/24
Miss,-30.37,12.79,Jonathan Pierre,Unassisted,Contested,17.12,2,5/29/24
Make,-42.19,-16.54,Aidan Noyes,Assisted,Uncontested,16.55,2,5/29/24
Make,-24.09,18.17,Aidan Noyes,Assisted,Uncontested,25.34,3,5/29/24
Miss,-18.92,-7.45,Aidan Noyes,Assisted,Uncontested,24.01,3,5/29/24
Make,-22.64,16.35,Aidan Noyes,Assisted,Uncontested,25.15,3,5/29/24
Miss,-28.19,20.37,Aidan Noyes,Assisted,Uncontested,24.47,3,5/29/24
Make,-24.46,18.72,Eoin Dillon,Assisted,Uncontested,25.48,3,5/29/24
Miss,-26.01,-19.45,Aidan Noyes,Assisted,Uncontested,25.02,3,5/29/24
Make,-27.28,-9.81,Aidan Noyes,Unassisted,Contested,17.48,2,5/29/24
Miss,-31,15.99,Aidan Noyes,Unassisted,Contested,19.27,2,5/29/24
Make,-40.37,0.91,Aidan Noyes,Assisted,Uncontested,1.65,2,5/29/24
Make,-25.65,4.37,Aidan Noyes,Unassisted,Contested,16.68,2,5/29/24
Miss,-23,15.63,Aidan Noyes,Assisted,Uncontested,24.41,3,5/29/24
Make,-17.28,0.01,Aidan Noyes,Unassisted,Contested,24.47,3,5/29/24
Make,-22.09,15.08,Aidan Noyes,Unassisted,Uncontested,24.78,3,5/29/24
Make,-39.18,0.53,Aidan Noyes,Unassisted,Uncontested,2.62,2,5/29/24
Make,-15.47,0.73,Aidan Noyes,Assisted,Contested,26.29,3,5/29/24
Make,-34.74,2.19,Aidan Noyes,Unassisted,Contested,7.34,2,5/29/24
Miss,-26.92,20.91,Aidan Noyes,Assisted,Contested,25.64,3,5/29/24
Miss,-19.28,-9.81,Aidan Noyes,Assisted,Uncontested,24.52,3,5/29/24
Make,-36.01,-3.27,Aidan Noyes,Unassisted,Uncontested,6.6,2,5/29/24
Make,-41.28,-2.54,Brody Peebles,Unassisted,Uncontested,2.58,2,5/29/24
Make,-35.1,-3.81,Brody Peebles,Unassisted,Contested,7.66,2,5/29/24
Miss,-22.19,-14.54,Brody Peebles,Unassisted,Uncontested,24.37,3,5/29/24
Make,-35.47,4.73,Brody Peebles,Unassisted,Contested,7.87,2,5/29/24
Make,-40.01,-4.9,Brody Peebles,Unassisted,Contested,5.2,2,5/29/24
Make,-34.19,2.19,Brody Peebles,Unassisted,Contested,7.87,2,5/29/24
Miss,-39.83,-2.36,Brody Peebles,Unassisted,Contested,3.04,2,5/29/24
Make,-41.1,1.82,Brody Peebles,Unassisted,Uncontested,1.94,2,5/29/24
Miss,-27.1,-20.18,Aidan Braccia,Assisted,Uncontested,24.93,3,5/29/24
Make,-40.74,1.82,Brody Peebles,Assisted,Contested,2.09,2,5/29/24
Miss,-40.74,-2.9,Brody Peebles,Unassisted,Contested,3.07,2,5/29/24
Miss,-40.01,-11.81,Brody Peebles,Unassisted,Contested,11.94,2,5/29/24
Miss,-32.01,3.46,Brody Peebles,Unassisted,Contested,10.34,2,5/29/24
Miss,-26.56,-18.9,Brody Peebles,Unassisted,Contested,24.25,3,5/29/24
Make,-40.01,-2.54,Brody Peebles,Unassisted,Contested,3.08,2,5/29/24
Make,-40.37,2.73,Brody Peebles,Unassisted,Contested,3.06,2,5/29/24
Make,-40.56,-2.9,Brody Peebles,Unassisted,Contested,3.14,2,5/29/24
Miss,-40.56,-8.9,Brody Peebles,Unassisted,Contested,8.98,2,5/29/24
Miss,-40.92,-1.99,Brody Peebles,Unassisted,Contested,2.16,2,5/29/24
Make,-40.92,-2.54,Brody Peebles,Unassisted,Contested,2.67,2,5/29/24
Make,-26.01,-18.26,Carter Whitt,Assisted,Uncontested,24.1,3,5/29/24
Make,-33.65,-0.8,Carter Whitt,Unassisted,Contested,8.14,2,5/29/24
Make,-17.1,-5.53,Carter Whitt,Assisted,Contested,25.26,3,5/29/24
Make,-40.19,-22.44,Carter Whitt,Assisted,Uncontested,22.49,3,5/29/24
Make,-41.1,-23.17,Carter Whitt,Assisted,Uncontested,23.18,3,5/29/24
Make,-41.28,2.29,Carter Whitt,Unassisted,Contested,2.34,2,5/29/24
Make,-30.01,3.56,Carter Whitt,Unassisted,Contested,12.27,2,5/29/24
Make,-40.74,-2.08,Carter Whitt,Assisted,Contested,2.31,2,5/29/24
Miss,-17.1,3.02,Carter Whitt,Unassisted,Contested,24.83,3,5/29/24
Make,-38.92,-0.62,Carter Whitt,Unassisted,Contested,2.9,2,5/29/24
Make,-41.28,2.29,Carter Whitt,Unassisted,Contested,2.34,2,5/29/24
Make,-18.37,-8.8,Carter Whitt,Unassisted,Contested,24.98,3,5/29/24
Miss,-19.47,11.2,Carter Whitt,Assisted,Contested,24.94,3,5/29/24
Miss,-22.82,16.66,Carter Whitt,Unassisted,Contested,25.22,3,5/29/24
Miss,-23.18,17.2,Cooper Haynes,Assisted,Uncontested,25.31,3,5/29/24
Miss,-40.74,-2.44,Cooper Haynes,Unassisted,Contested,2.64,2,5/29/24
Miss,-22.01,-16.8,Cooper Haynes,Assisted,Uncontested,25.92,3,5/29/24
Make,-23.28,0.29,Cooper Haynes,Unassisted,Uncontested,18.47,2,5/29/24
Make,-22.56,-16.62,Cooper Haynes,Assisted,Uncontested,25.39,3,5/29/24
Make,-41.47,-2.44,Cooper Haynes,Assisted,Contested,2.46,2,5/29/24
Make,-41.47,2.11,Cooper Haynes,Assisted,Uncontested,2.13,2,5/29/24
Miss,-17.47,8.47,Cooper Haynes,Unassisted,Uncontested,25.72,3,5/29/24
Miss,-41.65,23.38,Cooper Haynes,Assisted,Uncontested,23.38,3,5/29/24
Miss,-31.47,11.02,Cooper Haynes,Unassisted,Contested,15.07,2,5/29/24
Miss,-20.37,12.11,Cooper Haynes,Assisted,Uncontested,24.57,3,5/29/24
Make,-36.37,-9.71,Cooper Haynes,Unassisted,Uncontested,11.1,2,5/29/24
Miss,-19.28,11.2,Cooper Haynes,Assisted,Uncontested,25.1,3,5/29/24
Miss,-40.74,-2.08,Cooper Haynes,Unassisted,Uncontested,2.31,2,5/29/24
Make,-20.64,16.66,Cooper Haynes,Assisted,Uncontested,26.89,3,5/29/24
Make,-18.92,12.83,Cooper Haynes,Assisted,Uncontested,26.19,3,5/29/24
Make,-40.74,1.74,Cooper Haynes,Unassisted,Uncontested,2.02,2,5/29/24
Miss,-20.37,-16.08,Cooper Haynes,Assisted,Contested,26.75,3,5/29/24
Miss,-24.74,-0.26,Cooper Haynes,Unassisted,Contested,17.01,2,5/29/24
Miss,-26.01,-19.71,Cooper Haynes,Assisted,Contested,25.22,3,5/29/24
Miss,-21.47,-20.26,Cooper Haynes,Unassisted,Contested,28.67,3,5/29/24
Miss,-41.83,-23.25,Win Miller,Assisted,Contested,23.25,3,6/4/24
Miss,-17.47,-1.97,Jonathan Pierre,Unassisted,Uncontested,24.36,3,6/4/24
Miss,-38.74,0.03,Jabez Jenkins,Unassisted,Contested,3.01,2,6/4/24
Miss,-21.47,12.57,Aidan Noyes,Assisted,Uncontested,23.86,3,6/4/24
Miss,-24.74,-0.16,Cooper Haynes,Unassisted,Contested,17.01,2,6/4/24
Make,-40.74,-22.88,Aidan Braccia,Assisted,Uncontested,22.91,3,6/4/24
Miss,-42.01,23.3,Jabez Jenkins,Assisted,Uncontested,23.3,3,6/4/24
Miss,-17.83,0.39,Aidan Noyes,Assisted,Uncontested,23.92,3,6/4/24
Make,-23.65,-15.97,Carter Whitt,Assisted,Uncontested,24.14,3,6/4/24
Make,-41.83,-22.88,Win Miller,Assisted,Uncontested,22.88,3,6/4/24
Make,-41.1,23.48,Aidan Braccia,Assisted,Uncontested,23.49,3,6/4/24
Make,-41.28,2.03,Brody Peebles,Unassisted,Uncontested,2.08,2,6/4/24
Miss,-37.47,-2.34,Drew Scharnowski,Unassisted,Contested,4.88,2,6/4/24
Make,-40.74,23.3,Keith Robbins,Assisted,Uncontested,23.32,3,6/4/24
Make,-42.56,23.48,Aidan Braccia,Assisted,Uncontested,23.49,3,6/4/24
Miss,-33.1,-0.16,Carter Whitt,Unassisted,Uncontested,8.65,2,6/4/24
Make,-34.92,-0.34,Jabez Jenkins,Unassisted,Contested,6.84,2,6/4/24
Make,-20.74,11.3,Cooper Haynes,Assisted,Uncontested,23.86,3,6/4/24
Make,-24.82,17.28,Jonathan Pierre,Assisted,Uncontested,24.19,3,6/4/24
Make,-18.74,-6.34,Brody Peebles,Assisted,Uncontested,23.87,3,6/4/24
Make,-41.47,-1.61,Keith Robbins,Assisted,Contested,1.64,2,6/4/24
Miss,-41.47,-2.46,Jake Dykstra,Assisted,Contested,2.48,2,6/4/24
Miss,-42.92,-22.82,Eoin Dillon,Assisted,Uncontested,22.85,3,6/4/24
Miss,-42.19,23.32,Aidan Noyes,Assisted,Uncontested,23.32,3,6/4/24
Miss,-25.1,1.32,Jabez Jenkins,Unassisted,Contested,16.7,2,6/4/24
Miss,-22.92,7.14,Aidan Noyes,Assisted,Uncontested,20.14,2,6/4/24
Make,-41.47,2.23,Carter Whitt,Unassisted,Uncontested,2.25,2,6/4/24
Miss,-41.1,1.68,Brody Peebles,Unassisted,Contested,1.8,2,6/4/24
Make,-20.56,-11.05,Aidan Noyes,Assisted,Uncontested,23.9,3,6/4/24
Miss,-30.19,-21.05,Jake Dykstra,Assisted,Uncontested,24.01,3,6/4/24
Make,-17.83,-0.68,Keith Robbins,Assisted,Uncontested,23.93,3,6/4/24
Make,-38.37,-0.32,Eoin Dillon,Assisted,Uncontested,3.39,2,6/4/24
Make,-19.1,-7.59,Win Miller,Unassisted,Uncontested,23.89,3,6/4/24
Make,-38.37,-1.23,Brigham Rogers,Assisted,Contested,3.59,2,6/4/24
Make,-41.1,-1.95,Brody Peebles,Unassisted,Contested,2.06,2,6/4/24
Miss,-18.19,4.59,Aidan Noyes,Assisted,Contested,24,3,6/4/24
Miss,-27.47,-19.05,Brody Peebles,Assisted,Uncontested,23.81,3,6/4/24
Make,-26.09,18.13,Drew Scharnowski,Assisted,Uncontested,23.96,3,6/4/24
Make,-25.24,-0.53,Win Miller,Unassisted,Uncontested,16.52,2,6/5/24
Make,-24.7,-17.62,Win Miller,Assisted,Uncontested,24.52,3,6/5/24
Miss,-27.55,19.28,Win Miller,Unassisted,Contested,23.95,3,6/5/24
Make,-26.09,17.83,Win Miller,Assisted,Contested,23.73,3,6/5/24
Make,-26.88,-19.08,Keith Robbins,Assisted,Contested,24.19,3,6/5/24
Miss,-20.33,10.74,Keith Robbins,Assisted,Contested,23.96,3,6/5/24
Miss,-41.43,-2.77,Keith Robbins,Assisted,Contested,2.79,2,6/5/24
Miss,-18.15,-0.77,Keith Robbins,Assisted,Uncontested,23.61,3,6/5/24
Miss,-18.33,1.41,Jonathan Pierre,Assisted,Uncontested,23.46,3,6/5/24
Make,-41.61,-1.68,Jonathan Pierre,Assisted,Uncontested,1.69,2,6/5/24
Make,-41.24,-1.68,Jonathan Pierre,Unassisted,Contested,1.76,2,6/5/24
Make,-17.97,0.5,Jonathan Pierre,Assisted,Uncontested,23.78,3,6/5/24
Miss,-41.97,-22.77,Jonathan Pierre,Assisted,Uncontested,22.78,3,6/5/24
Make,-25.73,17.22,Jonathan Pierre,Assisted,Contested,23.52,3,6/5/24
Miss,-25.97,-18.23,Eoin Dillon,Assisted,Uncontested,24.11,3,6/5/24
Make,-41.24,1.59,Eoin Dillon,Assisted,Uncontested,1.67,2,6/5/24
Make,-25,16.86,Eoin Dillon,Assisted,Contested,23.76,3,6/5/24
Miss,-17.97,7.59,Eoin Dillon,Assisted,Uncontested,24.96,3,6/5/24
Make,-41.43,-1.5,Eoin Dillon,Assisted,Contested,1.54,2,6/5/24
Make,-41.06,23.23,Eoin Dillon,Assisted,Uncontested,23.24,3,6/5/24
Make,-23.36,16.13,Cooper Haynes,Assisted,Contested,24.46,3,6/5/24
Miss,-21.79,-13.87,Carter Whitt,Assisted,Uncontested,24.3,3,6/5/24
Make,-41.24,1.77,Brody Peebles,Assisted,Uncontested,1.84,2,6/5/24
Miss,-25,17.22,Brody Peebles,Assisted,Contested,24.02,3,6/5/24
Make,-41.24,-22.96,Brody Peebles,Assisted,Uncontested,22.96,3,6/5/24
Make,-40.52,1.77,Brigham Rogers,Unassisted,Contested,2.16,2,6/5/24
Miss,-41.43,-22.96,Jabez Jenkins,Assisted,Uncontested,22.96,3,6/5/24
Make,-35.43,11.23,Jabez Jenkins,Assisted,Contested,12.88,2,6/5/24
Miss,-20.52,-10.41,Aidan Noyes,Assisted,Contested,23.65,3,6/5/24
Miss,-40.33,-23.14,Aidan Noyes,Assisted,Contested,23.18,3,6/5/24
Miss,-41.24,23.23,Aidan Braccia,Assisted,Uncontested,23.23,3,6/5/24
Make,-40.15,23.23,Aidan Braccia,Assisted,Uncontested,23.28,3,6/5/24
Miss,-38.88,11.77,Aidan Braccia,Unassisted,Contested,12.12,2,6/5/24
Make,-41.06,1.41,Aidan Braccia,Assisted,Contested,1.57,2,6/5/24
Miss,-20.84,-14.18,Win Miller,Unassisted,Uncontested,25.27,3,6/7/24
Miss,-41.2,-1.45,Win Miller,Unassisted,Contested,1.55,2,6/7/24
Miss,-24.46,17.83,Win Miller,Unassisted,Uncontested,24.84,3,6/7/24
Miss,-41.2,2.73,Win Miller,Unassisted,Contested,2.78,2,6/7/24
Make,-41.02,1.46,Keith Robbins,Unassisted,Uncontested,1.63,2,6/7/24
Miss,-26.27,18.55,Keith Robbins,Assisted,Uncontested,24.16,3,6/7/24
Make,-25.36,18.19,Jonathan Pierre,Assisted,Uncontested,24.48,3,6/7/24
Miss,-41.57,-22.73,Jonathan Pierre,Assisted,Uncontested,22.73,3,6/7/24
Miss,-17.57,0,Jonathan Pierre,Assisted,Uncontested,24.18,3,6/7/24
Miss,-25.2,-17.09,Jonathan Pierre,Assisted,Uncontested,23.79,3,6/7/24
Make,-41.2,-1.45,Jonathan Pierre,Unassisted,Contested,1.55,2,6/7/24
Make,-26.84,-2.73,Jonathan Pierre,Unassisted,Uncontested,15.16,2,6/7/24
Make,-39.93,0.36,Jonathan Pierre,Assisted,Contested,1.86,2,6/7/24
Make,-21.02,12.18,Jonathan Pierre,Assisted,Uncontested,24.04,3,6/7/24
Miss,-23.73,16.37,Jake Dykstra,Assisted,Uncontested,24.35,3,6/7/24
Miss,-38.29,0.18,Jake Dykstra,Assisted,Contested,3.46,2,6/7/24
Make,-41.02,2,Jake Dykstra,Unassisted,Contested,2.13,2,6/7/24
Miss,-21.18,16.01,Eoin Dillon,Assisted,Uncontested,26.06,3,6/7/24
Miss,-40.48,-22.91,Eoin Dillon,Assisted,Uncontested,22.94,3,6/7/24
Miss,-34.11,23.27,Eoin Dillon,Assisted,Uncontested,24.5,3,6/7/24
Miss,-42.66,-23.09,Eoin Dillon,Assisted,Uncontested,23.11,3,6/7/24
Make,-40.84,1.82,Drew Scharnowski,Assisted,Uncontested,2.03,2,6/7/24
Make,-40.11,-0.54,Drew Scharnowski,Assisted,Uncontested,1.73,2,6/7/24
Make,-41.02,2,Drew Scharnowski,Assisted,Uncontested,2.13,2,6/7/24
Miss,-40.29,-0.73,Drew Scharnowski,Unassisted,Contested,1.63,2,6/7/24
Make,-40.66,2,Drew Scharnowski,Assisted,Contested,2.28,2,6/7/24
Make,-38.66,-0.36,Drew Scharnowski,Assisted,Contested,3.11,2,6/7/24
Miss,-20.11,10.73,Drew Scharnowski,Assisted,Uncontested,24.15,3,6/7/24
Miss,-40.11,-2,Drew Scharnowski,Assisted,Contested,2.58,2,6/7/24
Make,-40.29,1.82,Drew Scharnowski,Unassisted,Contested,2.33,2,6/7/24
Make,-39.2,1.46,Drew Scharnowski,Unassisted,Uncontested,2.93,2,6/7/24
Miss,-26.11,-18.54,Cooper Haynes,Assisted,Uncontested,24.26,3,6/7/24
Make,-41.2,-1.82,Cooper Haynes,Assisted,Contested,1.9,2,6/7/24
Miss,-24.66,-16.73,Cooper Haynes,Assisted,Uncontested,23.91,3,6/7/24
Make,-43.02,23.46,Cooper Haynes,Assisted,Uncontested,23.49,3,6/7/24
Miss,-25.36,17.65,Cooper Haynes,Unassisted,Uncontested,24.08,3,6/7/24
Miss,-16.11,0.73,Cooper Haynes,Assisted,Uncontested,25.65,3,6/7/24
Make,-35.57,12.55,Cooper Haynes,Unassisted,Contested,13.99,2,6/7/24
Miss,-40.66,-1.45,Cooper Haynes,Assisted,Contested,1.82,2,6/7/24
Miss,-41.2,1.27,Cooper Haynes,Unassisted,Contested,1.39,2,6/7/24
Miss,-33.57,0.18,Carter Whitt,Unassisted,Contested,8.19,2,6/7/24
Miss,-41.2,2.18,Carter Whitt,Unassisted,Contested,2.25,2,6/7/24
Miss,-41.02,2.18,Carter Whitt,Unassisted,Contested,2.3,2,6/7/24
Miss,-40.48,-2.73,Brody Peebles,Unassisted,Contested,3.01,2,6/7/24
Make,-41.02,1.82,Brody Peebles,Unassisted,Contested,1.96,2,6/7/24
Make,-41.75,2.18,Brody Peebles,Assisted,Contested,2.18,2,6/7/24
Miss,-35.2,-0.73,Brody Peebles,Unassisted,Contested,6.59,2,6/7/24
Miss,-16.84,-0.91,Brody Peebles,Assisted,Uncontested,24.93,3,6/7/24
Make,-41.93,23.27,Brody Peebles,Assisted,Uncontested,23.27,3,6/7/24
Make,-41.02,2,Brody Peebles,Assisted,Uncontested,2.13,2,6/7/24
Miss,-41.02,1.46,Brody Peebles,Unassisted,Contested,1.63,2,6/7/24
Make,-41.75,-2.18,Brigham Rogers,Assisted,Contested,2.18,2,6/7/24
Make,-41.2,-2,Brigham Rogers,Assisted,Contested,2.07,2,6/7/24
Make,-41.02,2.36,Brigham Rogers,Assisted,Contested,2.47,2,6/7/24
Miss,-37.75,-0.91,Brigham Rogers,Assisted,Contested,4.1,2,6/7/24
Make,-40.66,-2.18,Brigham Rogers,Unassisted,Contested,2.44,2,6/7/24
Miss,-37.57,0.18,Jabez Jenkins,Assisted,Contested,4.19,2,6/7/24
Make,-40.29,0.73,Jabez Jenkins,Unassisted,Contested,1.63,2,6/7/24
Miss,-25.02,-17.45,Jabez Jenkins,Assisted,Uncontested,24.18,3,6/7/24
Miss,-41.57,-3.64,Jabez Jenkins,Assisted,Contested,3.64,2,6/7/24
Miss,-40.84,-2.73,Jabez Jenkins,Unassisted,Contested,2.87,2,6/7/24
Miss,-26.46,19.1,Jabez Jenkins,Assisted,Uncontested,24.47,3,6/7/24
Miss,-20.29,11.27,Aidan Noyes,Assisted,Uncontested,24.24,3,6/7/24
Miss,-22.11,-14.91,Aidan Noyes,Assisted,Contested,24.66,3,6/7/24
Miss,-42.11,-23.09,Aidan Noyes,Assisted,Uncontested,23.09,3,6/7/24
Miss,-17.75,-0.36,Aidan Braccia,Assisted,Uncontested,24,3,6/7/24
Miss,-34.48,2.55,Aidan Braccia,Unassisted,Contested,7.71,2,6/7/24
Make,-25.91,17.65,Aidan Braccia,Assisted,Uncontested,23.71,3,6/7/24
Make,-18.03,0,Brody Peebles,Assisted,Uncontested,23.72,3,6/28/24
Miss,-23.62,-15.17,Brody Peebles,Assisted,Uncontested,23.64,3,6/28/24
Miss,-41.62,-1.67,Brody Peebles,Assisted,Contested,1.68,2,6/28/24
Make,-40.62,-3.09,Brody Peebles,Unassisted,Contested,3.29,2,6/28/24
Make,-24.87,16.58,Brody Peebles,Assisted,Contested,23.66,3,6/28/24
Miss,-41.7,1.75,Brody Peebles,Unassisted,Contested,1.75,2,6/28/24
Make,-16.03,1.5,Brody Peebles,Assisted,Uncontested,25.76,3,6/28/24
Make,-27.28,18.66,Brody Peebles,Assisted,Uncontested,23.61,3,6/28/24
Miss,-39.7,-22.84,Brody Peebles,Assisted,Uncontested,22.93,3,6/28/24
Miss,-18.37,3.75,Brody Peebles,Assisted,Uncontested,23.68,3,6/28/24
Make,-41.87,16.75,Brody Peebles,Unassisted,Contested,16.75,2,6/28/24
Make,-37.37,7.58,Brody Peebles,Assisted,Contested,8.76,2,6/28/24
Make,-38.7,-0.25,Brody Peebles,Assisted,Contested,3.06,2,6/28/24
Miss,-31.28,14,Brody Peebles,Unassisted,Uncontested,17.48,2,6/28/24
Make,-28.7,-20.5,Brody Peebles,Assisted,Uncontested,24.3,3,6/28/24
Miss,-26.45,-17.92,Brody Peebles,Assisted,Uncontested,23.56,3,6/28/24
Make,-19.87,-9.17,Brody Peebles,Assisted,Contested,23.73,3,6/28/24
Miss,-40.62,8.16,Brody Peebles,Unassisted,Uncontested,8.24,2,6/28/24
Miss,-23.45,-18.17,Brody Peebles,Assisted,Uncontested,25.79,3,6/28/24
Make,-23.78,15.25,Brody Peebles,Assisted,Uncontested,23.56,3,6/28/24
Make,-38.62,6.66,Brody Peebles,Unassisted,Uncontested,7.36,2,6/28/24
Miss,-18.45,2,Brody Peebles,Assisted,Contested,23.39,3,6/28/24
Make,-41.45,-2.42,Brody Peebles,Assisted,Uncontested,2.44,2,6/28/24
Miss,-21.87,-17.59,Brody Peebles,Assisted,Uncontested,26.55,3,6/28/24
Make,-38.2,8,Brody Peebles,Unassisted,Contested,8.75,2,6/28/24
Make,-41.28,1.83,Brody Peebles,Assisted,Uncontested,1.89,2,6/28/24
Miss,-33.62,2.16,Brody Peebles,Unassisted,Contested,8.42,2,6/28/24
Make,-40.62,1.91,Brody Peebles,Unassisted,Contested,2.22,2,6/28/24
Miss,-41.12,-3.17,Brody Peebles,Unassisted,Contested,3.23,2,6/28/24
Miss,-26.37,-18.75,Brody Peebles,Assisted,Uncontested,24.26,3,6/28/24
Make,-41.62,-6.75,Brody Peebles,Unassisted,Contested,6.75,2,6/28/24
Make,-37.2,-8.59,Brody Peebles,Unassisted,Contested,9.72,2,6/28/24
Make,-41.87,-3,Brody Peebles,Unassisted,Contested,3.01,2,6/28/24
Make,-32.2,-0.5,Brody Peebles,Unassisted,Contested,9.56,2,6/28/24
Miss,-39.87,2.75,Brody Peebles,Unassisted,Contested,3.33,2,6/28/24
Miss,-25.28,-16.75,Brody Peebles,Unassisted,Uncontested,23.49,3,6/28/24
Make,-37.87,-10.34,Brody Peebles,Unassisted,Contested,11.04,2,6/28/24
Miss,-40.2,6.25,Brody Peebles,Unassisted,Contested,6.44,2,6/28/24
Miss,-18.53,1.16,Brody Peebles,Unassisted,Contested,23.25,3,6/28/24
Miss,-41.45,3.5,Brody Peebles,Assisted,Contested,3.51,2,6/28/24
Make,-41.37,3.16,Brody Peebles,Unassisted,Contested,3.19,2,6/28/24
Miss,-40.45,1.16,Brody Peebles,Unassisted,Contested,1.74,2,6/28/24
Miss,-30.2,20.58,Brody Peebles,Assisted,Uncontested,23.6,3,6/28/24
Make,-40.03,-4,Brody Peebles,Unassisted,Contested,4.36,2,6/28/24
Make,-41.28,-3.34,Brody Peebles,Unassisted,Contested,3.37,2,6/28/24
Make,-17.87,1.41,Brody Peebles,Unassisted,Uncontested,23.93,3,6/28/24
Miss,-33.12,-22.67,Brody Peebles,Unassisted,Uncontested,24.26,3,6/28/24
Make,-24.95,4,Brody Peebles,Assisted,Uncontested,17.27,2,6/28/24
Make,-27.45,-19.59,Brody Peebles,Assisted,Uncontested,24.25,3,6/28/24
Miss,-22.28,13.66,Brody Peebles,Assisted,Uncontested,23.78,3,6/28/24
Make,-41.87,-1.78,Aidan Noyes,Assisted,Uncontested,1.79,2,6/28/24
Make,-33.62,-17.61,Aidan Noyes,Assisted,Uncontested,19.4,2,6/28/24
Make,-30.95,-21.2,Aidan Noyes,Assisted,Uncontested,23.79,3,6/28/24
Miss,-25.45,-17.78,Aidan Noyes,Assisted,Uncontested,24.12,3,6/28/24
Make,-18.37,-0.7,Aidan Noyes,Assisted,Uncontested,23.39,3,6/28/24
Miss,-27.03,18.97,Aidan Noyes,Assisted,Contested,24.01,3,6/28/24
Make,-41.45,23.14,Aidan Noyes,Assisted,Contested,23.14,3,6/28/24
Miss,-26.2,17.72,Aidan Noyes,Assisted,Contested,23.57,3,6/28/24
Make,-40.7,-22.95,Aidan Noyes,Assisted,Uncontested,22.97,3,6/28/24
Make,-20.95,-11.61,Aidan Noyes,Assisted,Contested,23.82,3,6/28/24
Miss,-31.62,16.8,Aidan Noyes,Assisted,Contested,19.62,2,6/28/24
Miss,-41.95,-23.11,Aidan Noyes,Assisted,Contested,23.12,3,6/28/24
Miss,-40.12,22.89,Aidan Noyes,Assisted,Uncontested,22.94,3,6/28/24
Miss,-21.7,0.14,Aidan Noyes,Assisted,Contested,20.05,2,6/28/24
Make,-29.28,15.05,Aidan Noyes,Unassisted,Contested,19.54,2,6/28/24
Make,-42.53,23.14,Aidan Noyes,Assisted,Contested,23.15,3,6/28/24
Miss,-24.87,-16.2,Aidan Noyes,Assisted,Contested,23.4,3,6/28/24
Make,-27.12,-19.2,Aidan Noyes,Assisted,Uncontested,24.14,3,6/28/24
Miss,-24.12,-15.95,Aidan Noyes,Assisted,Contested,23.78,3,6/28/24
Make,-27.45,-19.11,Aidan Noyes,Assisted,Uncontested,23.87,3,6/28/24
Make,-40.2,2.8,Aidan Noyes,Unassisted,Contested,3.2,2,6/28/24
Make,-18.2,2.39,Aidan Noyes,Assisted,Uncontested,23.67,3,6/28/24
Miss,-27.78,19.3,Aidan Noyes,Assisted,Uncontested,23.83,3,6/28/24
Miss,-25.28,16.97,Aidan Noyes,Assisted,Uncontested,23.65,3,6/28/24
Miss,-33.28,17.14,Aidan Noyes,Assisted,Uncontested,19.11,2,6/28/24
Make,-28.12,-20.53,Aidan Noyes,Assisted,Contested,24.65,3,6/28/24
Miss,-20.28,-10.28,Aidan Noyes,Assisted,Contested,23.8,3,6/28/24
Miss,-18.12,0.89,Aidan Noyes,Assisted,Contested,23.65,3,6/28/24
Make,-41.78,-23.2,Aidan Noyes,Assisted,Uncontested,23.2,3,6/28/24
Miss,-24.45,10.14,Aidan Noyes,Assisted,Uncontested,20.05,2,6/28/24
Make,-24.37,15.89,Aidan Noyes,Assisted,Uncontested,23.55,3,6/28/24
Make,-22.2,-1.03,Aidan Noyes,Unassisted,Contested,19.58,2,6/28/24
Miss,-21.87,1.39,Aidan Noyes,Unassisted,Contested,19.93,2,6/28/24
Make,-40.28,-0.28,Aidan Noyes,Assisted,Uncontested,1.49,2,6/28/24
Make,-41.7,-23.03,Aidan Noyes,Assisted,Uncontested,23.03,3,6/28/24
Make,-17.95,0.22,Aidan Noyes,Assisted,Contested,23.8,3,6/28/24
Miss,-39.95,-0.05,Jonathan Pierre,Unassisted,Contested,1.8,2,6/28/24
Make,-39.7,-0.22,Jonathan Pierre,Unassisted,Contested,2.06,2,6/28/24
Make,-18.37,-0.47,Jonathan Pierre,Unassisted,Contested,23.39,3,6/28/24
Make,-41.62,-1.97,Jonathan Pierre,Unassisted,Contested,1.97,2,6/28/24
Make,-28.2,7.53,Jonathan Pierre,Unassisted,Contested,15.5,2,6/28/24
Make,-40.03,-0.72,Jonathan Pierre,Assisted,Contested,1.86,2,6/28/24
Make,-25.95,-17.97,Jonathan Pierre,Assisted,Uncontested,23.93,3,6/28/24
Make,-30.95,-3.13,Jonathan Pierre,Assisted,Contested,11.25,2,6/28/24
Miss,-24.87,16.87,Jonathan Pierre,Unassisted,Contested,23.87,3,6/28/24
Miss,-39.95,13.2,Jonathan Pierre,Unassisted,Contested,13.32,2,6/28/24
Make,-23.95,-4.55,Jonathan Pierre,Assisted,Uncontested,18.37,2,6/28/24
Miss,-39.12,-4.47,Jonathan Pierre,Unassisted,Contested,5.19,2,6/28/24
Miss,-25.62,18.37,Jonathan Pierre,Assisted,Contested,24.45,3,6/28/24
Make,-18.45,0.78,Jonathan Pierre,Assisted,Contested,23.31,3,6/28/24
Miss,-40.95,3.03,Jonathan Pierre,Assisted,Contested,3.14,2,6/28/24
Make,-22.95,15.28,Jonathan Pierre,Assisted,Uncontested,24.23,3,6/28/24
Make,-18.28,2.2,Jonathan Pierre,Assisted,Uncontested,23.57,3,6/28/24
Make,-39.62,14.45,Jonathan Pierre,Assisted,Uncontested,14.61,2,6/28/24
Miss,-18.2,1.28,Jonathan Pierre,Unassisted,Uncontested,23.59,3,6/28/24
Miss,-24.03,16.53,Jonathan Pierre,Assisted,Contested,24.23,3,6/28/24
Miss,-18.28,-2.13,Jonathan Pierre,Assisted,Uncontested,23.56,3,6/28/24
Miss,-21.28,-13.13,Jonathan Pierre,Assisted,Uncontested,24.32,3,6/28/24
Miss,-25.45,4.37,Jonathan Pierre,Unassisted,Contested,16.88,2,6/28/24
Miss,-23.95,-17.22,Jonathan Pierre,Assisted,Contested,24.76,3,6/28/24
Miss,-25.45,17.37,Jonathan Pierre,Assisted,Uncontested,23.82,3,6/28/24
Make,-39.78,23.28,Jonathan Pierre,Assisted,Uncontested,23.37,3,6/28/24
Make,-40.95,-2.05,Jonathan Pierre,Assisted,Uncontested,2.2,2,6/28/24
Miss,-42.7,-22.88,Jonathan Pierre,Assisted,Uncontested,22.9,3,6/28/24
Miss,-18.45,0.2,Jonathan Pierre,Assisted,Contested,23.3,3,6/28/24
Make,-41.45,23.2,Jonathan Pierre,Assisted,Uncontested,23.2,3,6/28/24
Miss,-27.03,-18.8,Jonathan Pierre,Assisted,Contested,23.88,3,6/28/24
Miss,-20.62,11.28,Jonathan Pierre,Unassisted,Contested,23.96,3,6/28/24
Make,-40.03,0.2,Jonathan Pierre,Assisted,Uncontested,1.73,2,6/28/24
Miss,-18.28,0.87,Jonathan Pierre,Assisted,Contested,23.48,3,6/28/24
Miss,-18.37,0.28,Brigham Rogers,Assisted,Uncontested,23.39,3,6/28/24
Miss,-38.2,-2.63,Brigham Rogers,Unassisted,Contested,4.42,2,6/28/24
Make,-41.62,-1.38,Brigham Rogers,Assisted,Uncontested,1.39,2,6/28/24
Make,-36.95,-1.72,Brigham Rogers,Unassisted,Contested,5.1,2,6/28/24
Make,-40.2,-0.05,Brigham Rogers,Unassisted,Uncontested,1.55,2,6/28/24
Make,-40.95,-5.38,Brigham Rogers,Unassisted,Contested,5.44,2,6/28/24
Miss,-41.53,2.28,Brigham Rogers,Unassisted,Contested,2.29,2,6/28/24
Make,-38.2,0.28,Brigham Rogers,Unassisted,Contested,3.56,2,6/28/24
Miss,-40.45,3.03,Brigham Rogers,Unassisted,Contested,3.3,2,6/28/24
Make,-41.03,2.12,Brigham Rogers,Unassisted,Uncontested,2.23,2,6/28/24
Make,-40.62,2.62,Brigham Rogers,Unassisted,Contested,2.85,2,6/28/24
Make,-34.37,3.03,Brigham Rogers,Unassisted,Contested,7.98,2,6/28/24
Make,-41.12,-2.3,Brigham Rogers,Unassisted,Contested,2.39,2,6/28/24
Miss,-41.53,-2.05,Brigham Rogers,Assisted,Contested,2.06,2,6/28/24
Make,-41.62,-1.47,Brigham Rogers,Assisted,Contested,1.47,2,6/28/24
Miss,-41.12,-2.38,Brigham Rogers,Assisted,Contested,2.47,2,6/28/24
Make,-41.28,1.87,Brigham Rogers,Unassisted,Contested,1.92,2,6/28/24
Make,-36.7,-3.97,Brigham Rogers,Unassisted,Contested,6.42,2,6/28/24
Miss,-18.28,-2.22,Brigham Rogers,Assisted,Uncontested,23.57,3,6/28/24
Make,-40.28,-2.72,Brigham Rogers,Unassisted,Contested,3.09,2,6/28/24
Make,-41.87,-1.88,Brigham Rogers,Unassisted,Contested,1.89,2,6/28/24
Make,-41.87,-1.88,Brigham Rogers,Assisted,Contested,1.89,2,6/28/24
Make,-41.28,-1.88,Brigham Rogers,Assisted,Contested,1.94,2,6/28/24
Miss,-40.53,1.87,Brigham Rogers,Unassisted,Contested,2.23,2,6/28/24
Make,-41.12,-1.38,Brigham Rogers,Unassisted,Contested,1.52,2,6/28/24
Make,-41.45,-1.63,Brigham Rogers,Assisted,Contested,1.66,2,6/28/24
Make,-36.45,-4.13,Brigham Rogers,Unassisted,Contested,6.72,2,6/28/24
Make,-40.87,-1.63,Brigham Rogers,Assisted,Uncontested,1.86,2,6/28/24
Make,-36.7,0.37,Brigham Rogers,Unassisted,Contested,5.06,2,6/28/24
Make,-41.28,1.95,Brigham Rogers,Assisted,Uncontested,2.01,2,6/28/24
Miss,-35.78,-1.55,Brigham Rogers,Assisted,Contested,6.17,2,6/28/24
Make,-18.28,-2.13,Brigham Rogers,Assisted,Uncontested,23.56,3,6/28/24
Miss,-37.12,-23.3,Cooper Haynes,Assisted,Uncontested,23.76,3,6/28/24
Miss,-28.12,18.95,Cooper Haynes,Unassisted,Contested,23.35,3,6/28/24
Make,-29.28,20.03,Cooper Haynes,Assisted,Contested,23.6,3,6/28/24
Miss,-20.03,-14.55,Cooper Haynes,Assisted,Uncontested,26.14,3,6/28/24
Miss,-16.78,0.45,Cooper Haynes,Assisted,Uncontested,24.97,3,6/28/24
Miss,-41.28,-1.8,Cooper Haynes,Unassisted,Contested,1.86,2,6/28/24
Miss,-41.28,-3.22,Cooper Haynes,Unassisted,Contested,3.25,2,6/28/24
Miss,-38.53,-10.13,Cooper Haynes,Unassisted,Contested,10.63,2,6/28/24
Make,-41.95,-23.22,Cooper Haynes,Assisted,Uncontested,23.22,3,6/28/24
Miss,-22.37,-0.13,Cooper Haynes,Assisted,Contested,19.38,2,6/28/24
Make,-36.95,14.87,Cooper Haynes,Assisted,Uncontested,15.62,2,6/28/24
Miss,-42.78,23.2,Cooper Haynes,Assisted,Uncontested,23.22,3,6/28/24
Miss,-40.12,-2.72,Cooper Haynes,Unassisted,Contested,3.17,2,6/28/24
Miss,-23.28,0.87,Cooper Haynes,Unassisted,Contested,18.49,2,6/28/24
Make,-33.87,0.03,Cooper Haynes,Unassisted,Contested,7.88,2,6/28/24
Make,-41.45,2.28,Cooper Haynes,Assisted,Uncontested,2.3,2,6/28/24
Miss,-27.37,18.53,Cooper Haynes,Unassisted,Contested,23.46,3,6/28/24
Miss,-27.95,19.2,Cooper Haynes,Unassisted,Contested,23.65,3,6/28/24
Make,-41.12,1.62,Cooper Haynes,Assisted,Uncontested,1.74,2,6/28/24
Miss,-38.03,-23.13,Cooper Haynes,Assisted,Contested,23.43,3,6/28/24
Make,-19.7,11.45,Cooper Haynes,Assisted,Uncontested,24.85,3,6/28/24
Miss,-28.87,-13.22,Cooper Haynes,Assisted,Uncontested,18.46,2,6/28/24
Miss,-17.12,2.28,Cooper Haynes,Assisted,Contested,24.74,3,6/28/24
Miss,-24.95,18.53,Cooper Haynes,Assisted,Contested,25.01,3,6/28/24
Miss,-41.62,-2.13,Cooper Haynes,Assisted,Contested,2.14,2,6/28/24
Miss,-23.7,-1.72,Cooper Haynes,Unassisted,Contested,18.13,2,6/28/24
Make,-23.78,17.53,Cooper Haynes,Assisted,Uncontested,25.1,3,6/28/24
Make,-25.53,17.88,Cooper Haynes,Assisted,Uncontested,24.14,3,6/28/24
Make,-23.28,15.29,Cooper Haynes,Assisted,Uncontested,23.98,3,6/28/24
Miss,-20.53,9.45,Eoin Dillon,Assisted,Uncontested,23.23,3,6/28/24
Miss,-21.7,12.01,Eoin Dillon,Assisted,Contested,23.37,3,6/28/24
Miss,-40.62,9.51,Eoin Dillon,Unassisted,Uncontested,9.57,2,6/28/24
Miss,-19.28,-7.33,Eoin Dillon,Assisted,Uncontested,23.63,3,6/28/24
Make,-40.45,0.34,Eoin Dillon,Assisted,Uncontested,1.34,2,6/28/24
Miss,-19.78,-8.91,Eoin Dillon,Assisted,Uncontested,23.71,3,6/28/24
Miss,-20.37,-10.66,Eoin Dillon,Assisted,Uncontested,23.89,3,6/28/24
Make,-36.12,-2.66,Eoin Dillon,Assisted,Contested,6.23,2,6/28/24
Miss,-18.53,-4.91,Eoin Dillon,Assisted,Contested,23.73,3,6/28/24
Make,-41.53,-1.58,Eoin Dillon,Unassisted,Contested,1.59,2,6/28/24
Miss,-26.45,18.26,Eoin Dillon,Assisted,Contested,23.82,3,6/28/24
Make,-41.62,-1.83,Eoin Dillon,Assisted,Uncontested,1.83,2,6/28/24
Make,-25.37,17.09,Eoin Dillon,Assisted,Uncontested,23.67,3,6/28/24
Make,-42.53,-22.99,Eoin Dillon,Assisted,Uncontested,23.01,3,6/28/24
Miss,-27.62,19.17,Eoin Dillon,Assisted,Uncontested,23.82,3,6/28/24
Make,-41.28,-11.16,Eoin Dillon,Unassisted,Contested,11.17,2,6/28/24
Miss,-27.28,-18.74,Eoin Dillon,Assisted,Uncontested,23.68,3,6/28/24
Miss,-40.95,22.92,Eoin Dillon,Assisted,Uncontested,22.94,3,6/28/24
Miss,-21.78,-14.74,Eoin Dillon,Assisted,Uncontested,24.82,3,6/28/24
Miss,-18.2,-0.24,Eoin Dillon,Assisted,Uncontested,23.55,3,6/28/24
Make,-41.62,23.09,Eoin Dillon,Assisted,Uncontested,23.09,3,6/28/24
Miss,-18.28,1.09,Eoin Dillon,Assisted,Uncontested,23.49,3,6/28/24
Make,-40.87,1.42,Eoin Dillon,Assisted,Contested,1.67,2,6/28/24
Miss,-20.45,-11.24,Eoin Dillon,Unassisted,Uncontested,24.09,3,6/28/24
Make,-25.87,17.76,Eoin Dillon,Assisted,Uncontested,23.82,3,6/28/24
Make,-26.37,-17.83,Eoin Dillon,Assisted,Uncontested,23.55,3,6/28/24
Make,-40.62,22.92,Eoin Dillon,Assisted,Uncontested,22.95,3,6/28/24
Miss,-41.12,-2.08,Eoin Dillon,Unassisted,Contested,2.17,2,6/28/24
Miss,-42.28,23.14,Aidan Braccia,Assisted,Uncontested,23.15,3,6/28/24
Miss,-27.45,19.06,Aidan Braccia,Assisted,Contested,23.83,3,6/28/24
Make,-27.45,-19.11,Aidan Braccia,Assisted,Uncontested,23.86,3,6/28/24
Miss,-41.78,-1.61,Aidan Braccia,Unassisted,Uncontested,1.61,2,6/28/24
Miss,-42.12,-23.11,Aidan Braccia,Assisted,Uncontested,23.11,3,6/28/24
Make,-26.03,19.31,Aidan Braccia,Assisted,Contested,24.9,3,6/28/24
Make,-40.95,-22.94,Aidan Braccia,Assisted,Contested,22.95,3,6/28/24
Miss,-41.62,-23.11,Aidan Braccia,Assisted,Uncontested,23.11,3,6/28/24
Miss,-19.03,10.81,Aidan Braccia,Assisted,Contested,25.16,3,6/28/24
Miss,-21.37,13.14,Aidan Braccia,Assisted,Uncontested,24.25,3,6/28/24
Miss,-40.53,-23.36,Aidan Braccia,Assisted,Uncontested,23.39,3,6/28/24
Miss,-26.12,0.06,Aidan Braccia,Unassisted,Contested,15.63,2,6/28/24
Make,-24.28,-16.19,Aidan Braccia,Unassisted,Contested,23.82,3,6/28/24
Miss,-29.78,-20.77,Aidan Braccia,Assisted,Uncontested,23.97,3,6/28/24
Make,-32.45,-13.94,Aidan Braccia,Assisted,Uncontested,16.76,2,6/28/24
Make,-32.45,8.56,Aidan Braccia,Unassisted,Uncontested,12.64,2,6/28/24
Miss,-31.12,13.73,Aidan Braccia,Assisted,Uncontested,17.36,2,6/28/24
Miss,-41.62,-2.77,Aidan Braccia,Assisted,Contested,2.78,2,6/28/24
Make,-20.62,-10.86,Aidan Braccia,Assisted,Contested,23.76,3,6/28/24
Miss,-18.03,0.4,Aidan Braccia,Assisted,Uncontested,23.72,3,6/28/24
Miss,-32.7,-3.76,Aidan Braccia,Unassisted,Contested,9.8,2,6/28/24
Make,-19.78,-8.68,Aidan Braccia,Assisted,Uncontested,23.62,3,6/28/24
Miss,-41.2,23.07,Aidan Braccia,Assisted,Uncontested,23.08,3,6/28/24
Make,-41.03,-1.6,Drew Scharnowski,Assisted,Contested,1.75,2,6/28/24
Make,-40.7,2.24,Drew Scharnowski,Assisted,Contested,2.47,2,6/28/24
Make,-41.03,1.24,Drew Scharnowski,Assisted,Contested,1.43,2,6/28/24
Make,-40.62,3.82,Drew Scharnowski,Unassisted,Contested,3.99,2,6/28/24
Miss,-41.2,-3.18,Drew Scharnowski,Assisted,Contested,3.23,2,6/28/24
Miss,-41.53,-2.18,Drew Scharnowski,Assisted,Uncontested,2.19,2,6/28/24
Miss,-41.78,-1.43,Drew Scharnowski,Unassisted,Contested,1.43,2,6/28/24
Make,-38.53,-0.43,Drew Scharnowski,Assisted,Contested,3.25,2,6/28/24
Miss,-41.2,-2.6,Drew Scharnowski,Assisted,Contested,2.65,2,6/28/24
Miss,-24.7,-16.85,Drew Scharnowski,Assisted,Uncontested,23.97,3,6/28/24
Make,-41.45,1.15,Drew Scharnowski,Assisted,Contested,1.19,2,6/28/24
Miss,-18.45,-0.1,Drew Scharnowski,Assisted,Uncontested,23.3,3,6/28/24
Miss,-41.62,-1.76,Drew Scharnowski,Assisted,Contested,1.77,2,6/28/24
Make,-37.2,-3.35,Drew Scharnowski,Unassisted,Contested,5.65,2,6/28/24
Miss,-24.28,15.99,Drew Scharnowski,Assisted,Uncontested,23.68,3,6/28/24
Miss,-41.87,-1.35,Drew Scharnowski,Assisted,Contested,1.35,2,6/28/24
Make,-40.53,-0.68,Drew Scharnowski,Unassisted,Contested,1.39,2,6/28/24
Make,-40.53,1.15,Drew Scharnowski,Unassisted,Uncontested,1.68,2,6/28/24
Miss,-41.28,-1.68,Drew Scharnowski,Unassisted,Contested,1.74,2,6/28/24
Make,-40.78,-1.43,Drew Scharnowski,Unassisted,Contested,1.73,2,6/28/24
Make,-40.7,1.57,Drew Scharnowski,Unassisted,Contested,1.89,2,6/28/24
Miss,-41.7,-1.35,Drew Scharnowski,Assisted,Contested,1.35,2,6/28/24
Miss,-41.53,-1.4,Jabez Jenkins,Unassisted,Contested,1.42,2,6/28/24
Make,-41.62,-1.4,Jabez Jenkins,Unassisted,Contested,1.41,2,6/28/24
Miss,-36.62,22.93,Jabez Jenkins,Assisted,Uncontested,23.5,3,6/28/24
Make,-27.7,-18.9,Jabez Jenkins,Assisted,Uncontested,23.55,3,6/28/24
Make,-28.53,-11.49,Jabez Jenkins,Assisted,Contested,17.51,2,6/28/24
Miss,-41.37,-23.07,Jabez Jenkins,Assisted,Uncontested,23.07,3,6/28/24
Miss,-41.62,-2.99,Jabez Jenkins,Unassisted,Contested,2.99,2,6/28/24
Make,-18.12,-1.24,Jabez Jenkins,Assisted,Uncontested,23.67,3,6/28/24
Make,-40.53,1.1,Jabez Jenkins,Unassisted,Contested,1.64,2,6/28/24
Miss,-41.78,-1.92,Jabez Jenkins,Assisted,Contested,1.92,2,6/28/24
Make,-26.2,-17.66,Jabez Jenkins,Assisted,Uncontested,23.53,3,6/28/24
Make,-39.78,-1.33,Jabez Jenkins,Assisted,Contested,2.37,2,6/28/24
Make,-41.37,2.01,Jabez Jenkins,Unassisted,Contested,2.04,2,6/28/24
Miss,-41.62,-1.58,Jabez Jenkins,Assisted,Contested,1.58,2,6/28/24
Miss,-26.78,-18.49,Jabez Jenkins,Assisted,Contested,23.79,3,6/28/24
Make,-41.87,-11.49,Jabez Jenkins,Unassisted,Contested,11.49,2,6/28/24
Make,-41.7,1.59,Jabez Jenkins,Assisted,Contested,1.59,2,6/28/24
Miss,-32.7,13.09,Jabez Jenkins,Unassisted,Contested,15.91,2,6/28/24
Make,-41.45,2.09,Jabez Jenkins,Unassisted,Uncontested,2.11,2,6/28/24
Make,-41.12,1.42,Jabez Jenkins,Assisted,Uncontested,1.56,2,6/28/24
Make,-41.12,-2.08,Jabez Jenkins,Unassisted,Contested,2.17,2,6/28/24
Miss,-41.53,-1.99,Jabez Jenkins,Unassisted,Contested,2.01,2,6/28/24
Miss,-34.87,0.09,Jabez Jenkins,Unassisted,Contested,6.88,2,6/28/24
Make,-24.53,1.42,Jabez Jenkins,Assisted,Uncontested,17.28,2,6/28/24
Miss,-41.12,-2.41,Jabez Jenkins,Unassisted,Contested,2.49,2,6/28/24
Make,-18.03,-8.49,Jabez Jenkins,Assisted,Uncontested,25.19,3,6/28/24
Miss,-28.62,10.76,Jabez Jenkins,Unassisted,Uncontested,16.98,2,6/28/24
Miss,-38.62,2.51,Jabez Jenkins,Unassisted,Contested,4.01,2,6/28/24
Make,-42.2,-23.33,Jabez Jenkins,Assisted,Uncontested,23.33,3,6/28/24
Miss,-39.03,-1.41,Jabez Jenkins,Assisted,Contested,3.06,2,6/28/24
Miss,-41.2,-1.74,Jabez Jenkins,Unassisted,Contested,1.83,2,6/28/24
Miss,-41.28,2.01,Jabez Jenkins,Assisted,Contested,2.06,2,6/28/24
Miss,-24.78,-0.66,Jabez Jenkins,Assisted,Uncontested,16.98,2,6/28/24
Miss,-25.03,-16.91,Jabez Jenkins,Assisted,Uncontested,23.78,3,6/28/24
Make,-36.28,-1.33,Jabez Jenkins,Unassisted,Contested,5.63,2,6/28/24
Miss,-41.2,-2.08,Jabez Jenkins,Unassisted,Contested,2.15,2,6/28/24
Make,-41.45,5.25,Carter Whitt,Unassisted,Contested,5.25,2,6/28/24
Miss,-36.37,-0.59,Carter Whitt,Unassisted,Contested,5.42,2,6/28/24
Miss,-17.78,1.83,Carter Whitt,Assisted,Uncontested,24.04,3,6/28/24
Miss,-41.78,-1.67,Carter Whitt,Unassisted,Contested,1.67,2,6/28/24
Miss,-18.45,-6.42,Carter Whitt,Unassisted,Uncontested,24.17,3,6/28/24
Miss,-21.95,-13.5,Carter Whitt,Assisted,Uncontested,23.97,3,6/28/24
Miss,-24.7,-16.42,Carter Whitt,Assisted,Uncontested,23.67,3,6/28/24
Miss,-39.37,1.91,Carter Whitt,Unassisted,Contested,3.06,2,6/28/24
Make,-41.78,2.33,Carter Whitt,Unassisted,Contested,2.33,2,6/28/24
Miss,-40.7,3.66,Carter Whitt,Unassisted,Contested,3.81,2,6/28/24
Miss,-39.95,4.66,Carter Whitt,Unassisted,Contested,5,2,6/28/24
Make,-39.45,7,Carter Whitt,Unassisted,Contested,7.36,2,6/28/24
Make,-40.62,-23,Carter Whitt,Assisted,Uncontested,23.03,3,6/28/24
Miss,-26.87,-18.17,Carter Whitt,Assisted,Uncontested,23.49,3,6/28/24
Miss,-41.53,22.91,Carter Whitt,Assisted,Uncontested,22.91,3,6/28/24
Miss,-36.87,1,Carter Whitt,Unassisted,Contested,4.98,2,6/28/24
Make,-39.62,-1.09,Carter Whitt,Assisted,Contested,2.39,2,6/28/24
Miss,-36.7,23.09,Keith Robbins,Assisted,Contested,23.63,3,6/28/24
Miss,-40.37,23.42,Keith Robbins,Assisted,Contested,23.46,3,6/28/24
Miss,-33.62,-22.41,Keith Robbins,Assisted,Uncontested,23.84,3,6/28/24
Miss,-42.12,23.51,Keith Robbins,Assisted,Uncontested,23.51,3,6/28/24
Miss,-26.53,18.51,Keith Robbins,Assisted,Uncontested,23.96,3,6/28/24
Miss,-23.03,14.34,Keith Robbins,Assisted,Uncontested,23.58,3,6/28/24
Miss,-23.37,-15.41,Keith Robbins,Assisted,Uncontested,23.99,3,6/28/24
Make,-19.45,-9.24,Keith Robbins,Assisted,Contested,24.14,3,6/28/24
Make,-40.95,23.01,Keith Robbins,Assisted,Contested,23.03,3,6/28/24
Make,-40.37,23.18,Keith Robbins,Assisted,Uncontested,23.22,3,6/28/24
Make,-41.37,-23.49,Keith Robbins,Assisted,Uncontested,23.49,3,6/28/24
Miss,-40.2,-22.9,Keith Robbins,Assisted,Uncontested,22.95,3,6/28/24
Miss,-25.95,17.6,Keith Robbins,Assisted,Uncontested,23.65,3,6/28/24
Make,-26.78,-18.49,Keith Robbins,Assisted,Uncontested,23.78,3,6/28/24
Miss,-25.87,-17.57,Keith Robbins,Assisted,Uncontested,23.68,3,6/28/24
Make,-41.28,-1.99,Keith Robbins,Unassisted,Contested,2.04,2,6/28/24
Miss,-24.78,-16.15,Keith Robbins,Assisted,Contested,23.43,3,6/28/24
Miss,-25.12,16.68,Keith Robbins,Assisted,Uncontested,23.56,3,6/28/24
Miss,-41.28,2.18,Keith Robbins,Unassisted,Contested,2.23,2,6/28/24
Make,-41.37,23.18,Keith Robbins,Assisted,Uncontested,23.18,3,6/28/24
Make,-41.37,1.85,Keith Robbins,Unassisted,Contested,1.89,2,6/28/24
Miss,-18.37,3.76,Keith Robbins,Assisted,Uncontested,23.69,3,6/28/24
Make,-41.28,1.43,Keith Robbins,Assisted,Contested,1.51,2,6/28/24
Miss,-22.12,-13.07,Keith Robbins,Assisted,Contested,23.59,3,6/28/24
Make,-42.03,-1.57,Keith Robbins,Assisted,Uncontested,1.59,2,6/28/24
Make,-42.03,1.26,Keith Robbins,Assisted,Contested,1.3,2,6/28/24
Miss,-20.62,10.44,Jake Dykstra,Assisted,Uncontested,23.57,3,6/28/24
Make,-18.12,1.36,Jake Dykstra,Assisted,Uncontested,23.67,3,6/28/24
Miss,-40.2,-22.81,Jake Dykstra,Assisted,Uncontested,22.86,3,6/28/24
Miss,-23.53,15.36,Jake Dykstra,Assisted,Uncontested,23.83,3,6/28/24
Miss,-27.45,-10.14,Jake Dykstra,Assisted,Uncontested,17.53,2,6/28/24
Miss,-40.87,23.02,Jake Dykstra,Assisted,Uncontested,23.04,3,6/28/24
Miss,-36.12,-0.39,Jake Dykstra,Assisted,Contested,5.65,2,6/28/24
Miss,-21.7,-12.39,Jake Dykstra,Assisted,Uncontested,23.57,3,6/28/24
Make,-18.37,3.27,Jake Dykstra,Assisted,Uncontested,23.61,3,6/28/24
Miss,-39.45,-9.64,Jake Dykstra,Unassisted,Uncontested,9.91,2,6/28/24
Miss,-29.62,20.52,Jake Dykstra,Assisted,Uncontested,23.84,3,6/28/24
Miss,-23.28,17.44,Jake Dykstra,Assisted,Uncontested,25.4,3,6/28/24
Miss,-32.37,-21.98,Jake Dykstra,Assisted,Uncontested,23.9,3,6/28/24
Make,-24.7,-16.31,Jake Dykstra,Assisted,Uncontested,23.59,3,6/28/24
Miss,-41.12,-2.31,Jake Dykstra,Unassisted,Contested,2.39,2,6/28/24
Make,-41.12,2.19,Jake Dykstra,Unassisted,Contested,2.28,2,6/28/24
Miss,-27.12,-19.73,Jake Dykstra,Assisted,Uncontested,24.56,3,6/28/24
Make,-41.12,1.44,Jake Dykstra,Assisted,Uncontested,1.57,2,6/28/24
Miss,-42.28,-23.11,Win Miller,Assisted,Uncontested,23.11,3,6/28/24
Make,-37.03,-10.61,Win Miller,Unassisted,Contested,11.61,2,6/28/24
Miss,-25.87,-17.36,Win Miller,Assisted,Uncontested,23.53,3,6/28/24
Miss,-41.03,-23.27,Win Miller,Assisted,Uncontested,23.28,3,6/28/24
Make,-40.12,5.31,Win Miller,Assisted,Contested,5.56,2,6/28/24
Miss,-32.03,21.64,Win Miller,Assisted,Contested,23.73,3,6/28/24
Miss,-28.37,19.81,Win Miller,Assisted,Uncontested,23.91,3,6/28/24
Miss,-41.12,23.23,Win Miller,Assisted,Uncontested,23.24,3,6/28/24
Make,-40.78,2.14,Win Miller,Unassisted,Contested,2.35,2,6/28/24
Miss,-27.45,19.06,Win Miller,Assisted,Uncontested,23.83,3,6/28/24
Miss,-28.95,-14.57,Win Miller,Assisted,Uncontested,19.39,2,6/28/24
Miss,-40.12,-16.32,Win Miller,Unassisted,Uncontested,16.4,2,6/28/24
Miss,-19.78,-13.4,Win Miller,Unassisted,Uncontested,25.73,3,6/28/24
Miss,-18.2,2.6,Win Miller,Assisted,Uncontested,23.69,3,6/28/24
Miss,-40.11,-9.63,Isaiah Walker,Unassisted,Contested,9.77,2,6/28/24
Miss,-40.27,2.03,Isaiah Walker,Assisted,Contested,2.51,2,6/28/24
Miss,-39.86,-3.88,Isaiah Walker,Assisted,Contested,4.32,2,6/28/24
Miss,-41.44,1.78,Isaiah Walker,Assisted,Contested,1.81,2,6/28/24
Make,-18.19,0.53,Isaiah Walker,Assisted,Uncontested,23.57,3,6/28/24
Miss,-26.11,-18.88,Isaiah Walker,Assisted,Uncontested,24.52,3,6/28/24
Miss,-40.27,22.95,Isaiah Walker,Assisted,Uncontested,23,3,6/28/24
Miss,-18.44,-5.22,Isaiah Walker,Unassisted,Uncontested,23.89,3,6/28/24
Miss,-41.61,-23.13,Isaiah Walker,Assisted,Uncontested,23.13,3,6/28/24
Miss,-24.36,-16.55,Isaiah Walker,Assisted,Uncontested,24.01,3,6/28/24
Make,-18.8,-0.07,Aidan Noyes,Assisted,Uncontested,22.95,3,7/29/24
Miss,-18.63,1.18,Jake Dykstra,Assisted,Uncontested,23.15,3,7/29/24
Make,-42.05,-1.65,Jake Dykstra,Assisted,Contested,1.68,2,7/29/24
Make,-41.55,-1.9,Sam Orme,Assisted,Uncontested,1.92,2,7/29/24
Make,-18.55,-0.82,Aidan Noyes,Assisted,Uncontested,23.22,3,7/29/24
Miss,-18.38,-1.57,Isaiah Walker,Unassisted,Uncontested,23.42,3,7/29/24
Make,-41.13,1.18,Sam Orme,Unassisted,Uncontested,1.33,2,7/29/24
Miss,-24.05,-16.15,Keith Robbins,Assisted,Uncontested,23.97,3,7/29/24
Make,-41.46,2.01,Aidan Braccia,Assisted,Uncontested,2.03,2,7/29/24
Make,-41.88,-2.07,Brody Peebles,Assisted,Uncontested,2.08,2,7/29/24
Miss,-19.05,6.18,Sam Orme,Assisted,Uncontested,23.53,3,7/29/24
Miss,-20.71,-10.9,Carter Whitt,Assisted,Uncontested,23.7,3,7/29/24
Miss,-28.8,8.06,Keith Robbins,Unassisted,Uncontested,15.26,2,7/29/24
Make,-40.88,2.14,Sam Orme,Assisted,Uncontested,2.31,2,7/29/24
Miss,-40.8,1.56,Drew Scharnowski,Assisted,Contested,1.83,2,7/29/24
Make,-42.38,-23.27,Tyler Lundblade,Assisted,Contested,23.28,3,7/29/24
Miss,-23.88,15.48,Aidan Braccia,Unassisted,Contested,23.64,3,7/29/24
Miss,-40.96,2.14,Sam Orme,Unassisted,Contested,2.28,2,7/29/24
Miss,-18.13,-4.02,Brody Peebles,Unassisted,Contested,23.96,3,7/29/24
Make,-40.63,0.73,Sam Orme,Assisted,Uncontested,1.33,2,7/29/24
Make,-21.71,12.31,Tyler Lundblade,Assisted,Uncontested,23.52,3,7/29/24
Make,-27.55,19.06,Jake Dykstra,Assisted,Uncontested,23.77,3,7/29/24
Miss,-17.88,1.31,Brody Peebles,Assisted,Contested,23.91,3,7/29/24
Miss,-18.13,0.14,Sam Orme,Assisted,Uncontested,23.62,3,7/29/24
Make,-20.8,10.89,Aidan Noyes,Assisted,Uncontested,23.62,3,7/29/24
Miss,-18.3,0.73,Sam Orme,Assisted,Uncontested,23.47,3,7/29/24
Make,-22.21,12.73,Tyler Lundblade,Assisted,Contested,23.32,3,7/29/24
Miss,-29.55,20.56,Jake Dykstra,Assisted,Uncontested,23.91,3,7/29/24
Miss,-20.55,10.06,Tyler Lundblade,Unassisted,Contested,23.47,3,7/29/24
Miss,-26.96,18.81,Aidan Braccia,Assisted,Uncontested,23.93,3,7/29/24
Make,-30.96,-21.27,Isaiah Walker,Assisted,Uncontested,23.85,3,7/29/24
Make,-19.88,-9.77,Win Miller,Unassisted,Uncontested,23.96,3,7/29/24
Make,-40.21,0.73,Sam Orme,Assisted,Uncontested,1.7,2,7/29/24
Miss,-18.46,0.23,Aidan Braccia,Assisted,Uncontested,23.29,3,7/29/24
Make,-40.88,1.31,Isaiah Walker,Unassisted,Contested,1.57,2,7/29/24
Miss,-41.05,-1.69,Brody Peebles,Assisted,Contested,1.83,2,7/29/24
Make,-40.55,-0.11,Sam Orme,Assisted,Uncontested,1.21,2,7/29/24
Make,-41.46,1.56,Drew Scharnowski,Assisted,Contested,1.58,2,7/29/24
Make,-18.21,0.64,Sam Orme,Assisted,Uncontested,23.55,3,7/29/24
Make,-18.55,3.64,Aidan Noyes,Assisted,Uncontested,23.49,3,7/29/24
Miss,-41.13,-1.52,Drew Scharnowski,Assisted,Contested,1.65,2,7/29/24
Miss,-41.21,1.48,Keith Robbins,Unassisted,Contested,1.57,2,7/29/24
Make,-41.88,-23.52,Aidan Noyes,Assisted,Uncontested,23.53,3,7/29/24
Miss,-22.96,-14.77,Sam Orme,Assisted,Uncontested,23.9,3,7/29/24
Make,-41.63,-1.94,Drew Scharnowski,Unassisted,Contested,1.95,2,7/29/24
Make,-38.46,-0.11,Carter Whitt,Unassisted,Contested,3.29,2,7/29/24
Miss,-19.8,8.23,Brody Peebles,Assisted,Uncontested,23.44,3,7/29/24
Miss,-41.63,-12.27,Jake Dykstra,Unassisted,Uncontested,12.28,2,7/29/24
Miss,-41.38,-1.94,Drew Scharnowski,Assisted,Contested,1.98,2,7/29/24
Make,-41.63,1.48,Sam Orme,Assisted,Uncontested,1.48,2,7/29/24
Miss,-21.13,11.31,Aidan Noyes,Assisted,Contested,23.52,3,7/29/24
Miss,-28.3,19.89,Isaiah Walker,Assisted,Uncontested,24.01,3,7/29/24
Miss,-25.13,-16.61,Aidan Braccia,Assisted,Uncontested,23.5,3,7/29/24
Miss,-28.13,19.64,Brody Peebles,Assisted,Uncontested,23.9,3,7/29/24
Make,-34.13,22.89,Aidan Braccia,Assisted,Contested,24.13,3,7/29/24
Make,-41.63,-1.86,Drew Scharnowski,Assisted,Contested,1.86,2,7/29/24
Make,-41.05,1.14,Isaiah Walker,Assisted,Uncontested,1.34,2,7/29/24
Miss,-18.46,-2.77,Tyler Lundblade,Assisted,Contested,23.45,3,7/29/24
Make,-41.05,2.31,Carter Whitt,Unassisted,Contested,2.41,2,7/29/24
Miss,-38.96,-23.19,Brody Peebles,Assisted,Uncontested,23.36,3,7/29/24
Make,-41.8,1.39,Brody Peebles,Unassisted,Contested,1.39,2,7/29/24
Make,-40.8,1.31,Drew Scharnowski,Assisted,Contested,1.62,2,7/29/24
Make,-25.13,20.23,Brody Peebles,Unassisted,Contested,26.18,3,7/29/24
Make,-22.98,-14.15,Aidan Noyes,Assisted,Uncontested,23.5,3,8/20/24
Make,-18.48,0.68,Brody Peebles,Assisted,Uncontested,23.28,3,8/20/24
Miss,-37.73,-2.23,Aidan Noyes,Assisted,Contested,4.6,2,8/20/24
Miss,-26.07,17.02,Jake Dykstra,Assisted,Uncontested,23.14,3,8/20/24
Miss,-41.65,1.43,Jonathan Pierre,Unassisted,Contested,1.44,2,8/20/24
Make,-39.65,-0.98,Jabez Jenkins,Assisted,Contested,2.32,2,8/20/24
Miss,-31.98,3.35,Win Miller,Unassisted,Uncontested,10.33,2,8/20/24
Miss,-41.48,-2.9,Brody Peebles,Unassisted,Contested,2.91,2,8/20/24
Miss,-22.15,-13.23,Eoin Dillon,Assisted,Uncontested,23.65,3,8/20/24
Make,-23.57,-15.23,Aidan Noyes,Assisted,Uncontested,23.72,3,8/20/24
Make,-37.15,-0.51,Brody Peebles,Unassisted,Contested,4.63,2,8/20/24
Miss,-41.82,-1.59,Isaiah Walker,Assisted,Contested,1.6,2,8/20/24
Make,-25.4,17.07,Brody Peebles,Assisted,Uncontested,23.64,3,8/20/24
Miss,-17.98,0.32,Cooper Haynes,Assisted,Uncontested,23.77,3,8/20/24
Miss,-18.65,0.66,Tyler Lundblade,Assisted,Uncontested,23.11,3,8/20/24
Miss,-24.4,-15.68,Jake Dykstra,Assisted,Uncontested,23.38,3,8/20/24
Miss,-38.98,1.82,Aidan Braccia,Unassisted,Contested,3.31,2,8/20/24
Make,-37.65,-4.01,Jabez Jenkins,Unassisted,Contested,5.74,2,8/20/24
Miss,-25.15,16.41,Sam Orme,Assisted,Uncontested,23.34,3,8/20/24
Miss,-26.07,18.07,Brody Peebles,Unassisted,Contested,23.93,3,8/20/24
Miss,-25.23,-16.76,Isaiah Walker,Assisted,Contested,23.53,3,8/20/24
Make,-41.4,2.57,Brody Peebles,Unassisted,Contested,2.6,2,8/20/24
Make,-41.57,1.49,Jabez Jenkins,Assisted,Contested,1.5,2,8/20/24
Make,-41.23,1.66,Eoin Dillon,Unassisted,Contested,1.73,2,8/20/24
Miss,-41.82,-2.84,Aidan Noyes,Assisted,Contested,2.85,2,8/20/24
Make,-36.23,-0.93,Brody Peebles,Unassisted,Contested,5.59,2,8/20/24
Make,-39.07,-0.43,Win Miller,Unassisted,Contested,2.72,2,8/20/24
Make,-26.48,-17.68,Jabez Jenkins,Assisted,Uncontested,23.36,3,8/20/24
Make,-41.57,1.91,Isaiah Walker,Assisted,Uncontested,1.91,2,8/20/24
Miss,-41.15,-4.93,Brody Peebles,Unassisted,Contested,4.96,2,8/20/24
Miss,-37.82,-23.18,Eoin Dillon,Assisted,Uncontested,23.51,3,8/20/24
Make,-41.15,-2.68,Brody Peebles,Unassisted,Contested,2.74,2,8/20/24
Miss,-39.07,-0.24,Isaiah Walker,Unassisted,Contested,2.69,2,8/20/24
Miss,-41.73,1.67,Isaiah Walker,Unassisted,Contested,1.67,2,8/20/24
Make,-27.57,-18.74,Jake Dykstra,Assisted,Uncontested,23.5,3,8/20/24
Miss,-41.4,1.51,Drew Scharnowski,Assisted,Contested,1.55,2,8/20/24
Make,-25.57,17.17,Aidan Braccia,Assisted,Uncontested,23.6,3,8/20/24
Miss,-18.73,4.26,Aidan Braccia,Unassisted,Uncontested,23.41,3,8/20/24
Make,-25.07,16.34,Keith Robbins,Assisted,Uncontested,23.35,3,8/20/24
Miss,-27.48,18.84,Tyler Lundblade,Assisted,Contested,23.63,3,8/20/24
Make,-27.23,-18.58,Aidan Braccia,Assisted,Uncontested,23.58,3,8/20/24
Make,-28.07,19.59,Cooper Haynes,Assisted,Contested,23.9,3,8/20/24
Miss,-23.65,19.76,Jonathan Pierre,Assisted,Uncontested,26.79,3,8/20/24
Make,-41.82,-2.08,Sam Orme,Assisted,Uncontested,2.08,2,8/20/24
Miss,-26.82,18.67,Cooper Haynes,Assisted,Contested,23.91,3,8/20/24
Miss,-36.82,-2.91,Brody Peebles,Assisted,Contested,5.73,2,8/20/24
Miss,-23.32,14.26,Tyler Lundblade,Assisted,Contested,23.3,3,8/20/24
Make,-41.15,1.59,Drew Scharnowski,Assisted,Uncontested,1.7,2,8/20/24
Make,-42.57,23.17,Cooper Haynes,Assisted,Uncontested,23.19,3,8/20/24
Miss,-41.73,3.09,Brody Peebles,Unassisted,Contested,3.09,2,8/20/24
Miss,-36.23,-22.99,Isaiah Walker,Assisted,Uncontested,23.64,3,8/20/24
Miss,-32.98,14.01,Jabez Jenkins,Unassisted,Uncontested,16.52,2,8/20/24
Make,-41.65,-2.08,Cooper Haynes,Unassisted,Uncontested,2.08,2,8/20/24
Make,-18.48,2.26,Jake Dykstra,Unassisted,Contested,23.38,3,8/20/24
Make,-38.23,22.89,Sam Orme,Assisted,Uncontested,23.16,3,8/20/24
Miss,-19.07,-6.11,Sam Orme,Assisted,Uncontested,23.49,3,8/20/24
Make,-41.07,23.3,Sam Orme,Assisted,Uncontested,23.31,3,8/20/24
Miss,-41.48,2.05,Win Miller,Unassisted,Uncontested,2.07,2,8/20/24
Miss,-24.57,15.89,Aidan Braccia,Assisted,Uncontested,23.4,3,8/20/24
Miss,-42.32,-23.03,Aidan Noyes,Assisted,Uncontested,23.04,3,8/20/24
Miss,-41.57,-2.2,Sam Orme,Unassisted,Contested,2.2,2,8/20/24
Make,-41.07,1.39,Aidan Noyes,Assisted,Uncontested,1.55,2,8/20/24
Miss,-25.4,17.72,Cooper Haynes,Assisted,Contested,24.11,3,8/20/24
Miss,-25.07,-17.11,Jonathan Pierre,Assisted,Uncontested,23.9,3,8/20/24
Miss,-28.32,-19.95,Tyler Lundblade,Assisted,Uncontested,24.05,3,8/20/24
Make,-41.4,-23.2,Win Miller,Assisted,Uncontested,23.2,3,8/20/24
Make,-40.48,0.47,Aidan Noyes,Assisted,Uncontested,1.35,2,8/20/24
Miss,-20.15,8.14,Jake Dykstra,Assisted,Uncontested,23.08,3,8/20/24
Miss,-34.4,9.64,Jonathan Pierre,Unassisted,Uncontested,12.12,2,8/20/24
Make,-41.73,1.72,Drew Scharnowski,Assisted,Contested,1.72,2,8/20/24
Miss,-28.23,-19.86,Eoin Dillon,Assisted,Uncontested,24.03,3,8/20/24
Miss,-28.57,19.72,Jonathan Pierre,Assisted,Contested,23.72,3,8/20/24
Miss,-30.4,20.39,Jabez Jenkins,Assisted,Uncontested,23.33,3,8/20/24
Miss,-25.9,17.97,Win Miller,Unassisted,Uncontested,23.96,3,8/20/24
Miss,-19.57,6.22,Eoin Dillon,Assisted,Uncontested,23.04,3,8/20/24
Miss,-39.98,22.89,Eoin Dillon,Assisted,Uncontested,22.96,3,8/20/24
Make,-24.82,-16.53,Brody Peebles,Assisted,Uncontested,23.66,3,8/20/24
Miss,-36.32,0.72,Brigham Rogers,Unassisted,Contested,5.48,2,8/20/24
Make,-17.9,-2.2,Aidan Noyes,Assisted,Contested,23.95,3,8/20/24
Make,-40.65,-1.61,Aidan Noyes,Assisted,Contested,1.95,2,8/20/24
Make,-42.15,-11.28,Tyler Lundblade,Unassisted,Contested,11.29,2,8/20/24
Miss,-41.9,-3.45,Brigham Rogers,Unassisted,Contested,3.45,2,8/20/24
Make,-26.57,18.72,Cooper Haynes,Assisted,Uncontested,24.1,3,8/20/24
Make,-23.98,-5.95,Aidan Noyes,Unassisted,Contested,18.74,2,8/20/24
Make,-42.07,-2.61,Cooper Haynes,Assisted,Uncontested,2.63,2,8/20/24
Miss,-40.82,22.72,Eoin Dillon,Assisted,Uncontested,22.74,3,8/20/24
Miss,-39.48,-1.2,Isaiah Walker,Assisted,Contested,2.56,2,8/20/24
Make,-40.57,-1.61,Drew Scharnowski,Assisted,Contested,2,2,8/20/24
Make,-24.15,20.98,Cooper Haynes,Assisted,Uncontested,27.38,3,8/20/24
Miss,-42.23,-23.44,Jake Dykstra,Assisted,Uncontested,23.44,3,8/20/24
Miss,-19.73,-8.35,Sam Orme,Assisted,Uncontested,23.55,3,8/20/24
Make,-34.4,-2.35,Brody Peebles,Unassisted,Contested,7.72,2,8/20/24
Make,-26.98,1.15,Tyler Lundblade,Unassisted,Contested,14.81,2,8/20/24